date,pOpen,pHigh,pLow,pClose,pVolume,pSma_w,pEma_w,pSma_3,pEma_3,pSma_7,pEma_7,pSma_15,pEma_15,pSma_10,pEma_10,pSma_30,pEma_30,pSma_60,pEma_60,pSma_90,pEma_90,pK,pD,pMacd,pSignal,sOpen,sHigh,sLow,sBuzz,sVolume,SumSentiment,AvgSentiment,sClose,sentiment,sSma_w,sEma_w,sSma_3,sEma_3,sSma_7,sEma_7,sSma_15,sEma_15,sSma_10,sEma_10,sSma_30,sEma_30,sSma_60,sEma_60,sSma_90,sEma_90,sK,sD,sMacd,sSignal,pMacd_Hist,sMacd_Hist,match
15-06-2016,0,0,0,0,0,0,53.5583038,0,53.15425,0,53.8142242,0,54.0376167,0,54.0056343,0,53.5741425,0,52.52679,0,51.54204,0,36.27564,0.331283569,0.6395149,9,9,9,0,0,9,9,9,9,5.8,6.333334,6.33333349,7,5.571429,6.000003,5.266667,5.502733,5.4,5.727411,5.133333,5.31455231,5.266667,5.40274429,5.62222242,5.54186964,100,99.9926758,0.284515381,-0.0120556615,-0.308231354,0.296571046,false
14-06-2016,52.66,53.25,52.47,52.7,8878800,53.8559875,53.5583038,53.1199532,53.15425,54.14432,53.8142242,54.741333,54.0376167,54.36202,54.0056343,53.36233,53.5741425,52.3528061,52.52679,51.489563,51.54204,6.052621,36.27564,0.331283569,0.706117868,0,0,0,0,0,0,0,0,0,5,5.00000048,5,5,5,5.000004,5,5.00312376,5,5.000169,5,5.06038332,5.233333,5.280803,5.6,5.464159,100,99.9902344,-0.037276268,-0.051177077,-0.3748343,0.013900809,false
13-06-2016,53.6,53.9,52.74,52.83,12128900,54.2839851,53.9874573,53.8799553,53.6085052,54.46432,54.18563,54.84,54.2287064,54.5840149,54.2957764,53.3093338,53.63443,52.33431,52.52092,51.41134,51.51602,2.54958034,46.34998,0.495079041,0.777025461,0,0,0,0,0,0,0,0,0,5,5.00000048,5,5,5,5.00000525,5,5.00357,5,5.00020647,5,5.06454754,5.2833333,5.290322,5.62222242,5.47458935,100,99.9869843,-0.0401844978,-0.0551132634,-0.281946421,0.0149287656,true
12-06-2016,0,0,0,0,0,0,54.566185,0,54.38701,0,54.6375046,0,54.42852,0,54.6215019,0,53.6899071,0,52.51044,0,51.486496,0,60.95011,0.6837044,0.829733551,0,0,0,0,0,0,0,0,0,5,5.00000048,5,5,5,5.000007,5,5.0040803,5,5.00025225,5,5.06899929,5.2833333,5.30016327,5.65555573,5.48525429,100,99.98265,-0.0433120728,-0.0593356043,-0.146029174,0.0160235316,true
11-06-2016,0,0,0,0,0,0,54.566185,0,54.38701,0,54.6375046,0,54.42852,0,54.6215019,0,53.6899071,0,52.51044,0,51.486496,0,60.95011,0.6837044,0.8614833,0,0,0,0,0,0,0,0,0,5,5.00000048,5,5,5,5.00000954,5,5.004663,5,5.000308,5,5.07375765,5.33333349,5.3103385,5.677778,5.496159,100,99.97687,-0.0466737747,-0.06386174,-0.1777789,0.0171879679,true
10-06-2016,54.46,54.75,53.4,53.83,15791600,54.6959839,54.566185,54.5832863,54.38701,54.7571754,54.6375046,54.9526634,54.42852,54.8280144,54.6215019,53.232338,53.6899071,52.31014,52.51044,51.32134,51.486496,28.2353668,60.95011,0.6837044,0.8965954,0,0,0,0,0,0,0,0,0,5,5.00000048,5,5,5,5.0000124,5,5.005329,5,5.0003767,5,5.07884455,5.35,5.32085848,5.7,5.507309,100,99.96916,-0.0502858162,-0.06870985,-0.212891042,0.0184240341,true
09-06-2016,54.4,55.04,54.19,54.98,8726200,54.9179878,54.9342766,54.9199524,54.9440155,54.8943176,54.9066734,54.8813324,54.5140228,55.0190125,54.79739,53.17567,53.6802444,52.26797,52.46571,51.20267,51.4338341,67.83042,71.85503,0.81269455,0.935062,0,0,0,0,0,0,0,0,0,5,5.00000048,5,5,5,5.000016,5,5.00609064,5,5.00046,5,5.084282,5.35,5.331735,5.688889,5.518709,100,99.9588852,-0.05416441,-0.07389837,-0.122367442,0.0197339579,false
08-06-2016,54.73,55.05,54.67,54.94,6314800,54.8979874,54.9114151,54.8899536,54.9080276,54.8857422,54.8822327,54.7353325,54.4474525,55.11901,54.75681,53.10634,53.5906067,52.21214,52.3804779,51.10411,51.3541451,68.85242,73.19656,0.848423,0.962831259,0,0,0,0,0,0,0,0,0,5,5.00000048,5,5,5,5.00002146,5,5.006961,5,5.00056267,5,5.09009457,5.4,5.34298038,5.733333,5.53036547,100,99.94518,-0.058327198,-0.07944594,-0.114408255,0.0211187452,false
07-06-2016,54.94,55.18,54.67,54.84,5400200,54.86799,54.8971252,54.8899536,54.87606,54.9328842,54.86298,54.538662,54.37709,55.1840134,54.7161026,53.0386772,53.4975471,52.16464,52.2937164,50.9974442,51.2735634,70.0209656,74.64461,0.885757446,0.988082469,0,0,0,0,0,0,0,0,0,5,5.00000048,5,5,5,5.00002861,5,5.00795555,5,5.0006876,5,5.09630775,5.35,5.35460663,5.733333,5.542284,100,99.92691,-0.0627923,-0.08537107,-0.102325022,0.0225787684,true
06-06-2016,54.98,55.37,54.66,54.89,7905100,54.8839836,54.9256859,54.90329,54.912117,55.0614548,54.87064,54.3433266,54.31096,55.11801,54.6885719,52.9583473,53.4049644,52.12097,52.2074,50.8724442,51.19342,73.20387,76.18582,0.930709839,1.00918531,0,0,0,0,0,0,0,0,0,5,5.00000048,5,5,5,5.000038,5,5.009092,5,5.00084,5,5.10294962,5.41666651,5.366627,5.733333,5.55447,100,99.90255,-0.06757736,-0.09169187,-0.0784754753,0.0241145045,true
05-06-2016,0,0,0,0,0,0,54.9435272,0,54.9342346,0,54.8641853,0,54.2282372,0,54.64381,0,53.3025475,0,52.1164665,0,51.11035,0,77.1798,0.9694519,1.02529359,0,0,0,0,0,0,0,0,0,5,5.000001,5,5,5,5.00005054,5,5.01039076,5,5.001027,5,5.11004972,5.45,5.3790555,5.766667,5.56693029,100,99.87006,-0.07270193,-0.09842581,-0.0558416843,0.025723882,true
04-06-2016,0,0,0,0,0,0,54.9435272,0,54.9342346,0,54.8641853,0,54.2282372,0,54.64381,0,53.3025475,0,52.1164665,0,51.11035,0,77.1798,0.9694519,1.0370971,0,0,0,0,0,0,0,0,0,5,5.00000143,5,5,5,5.00006771,5,5.011875,5,5.00125551,5,5.11763954,5.5333333,5.391905,5.77777767,5.57967043,100,99.82675,-0.07818556,-0.105589181,-0.06764519,0.0274036229,true
03-06-2016,54.99,55.01,54.47,54.94,10008100,54.9599838,54.9435272,54.8699532,54.9342346,55.2171669,54.8641853,54.1053276,54.2282372,55.0810127,54.64381,52.8833466,53.3025475,52.07314,52.1164665,50.7906647,51.11035,74.22477,77.1798,0.9694519,1.04505491,0,0,0,0,0,0,0,0,0,5,5.000002,5,5,5,5.0000906,5,5.01357174,5,5.00153446,5,5.12575245,5.55,5.40518951,5.811111,5.59269667,100,99.769,-0.08404732,-0.113196425,-0.07560301,0.0291491076,true
02-06-2016,54.65,54.92,54.29,54.88,9036200,55.1199875,54.94529,54.8632851,54.9284744,55.3100243,54.838913,53.87666,54.1265564,54.8630142,54.57799,52.77435,53.18962,52.0233078,52.020752,50.71933,51.024292,73.06203,78.16481,0.9997139,1.041105,0,0,0,0,0,0,0,0,0,5,5.000003,5,5,5,5.000121,5,5.01551056,5,5.0018754,5,5.134425,5.58333349,5.418925,5.788889,5.60601568,100,99.692,-0.09030676,-0.121259585,-0.0413911343,0.0309528261,false
01-06-2016,54.5,54.97,54.45,54.79,12156800,55.33999,54.9779358,54.9932861,54.97695,55.210022,54.82522,53.69466,54.01892,54.6540146,54.51088,52.6813469,53.0730438,51.982975,51.92383,50.63822,50.93765,71.31784,79.86574,1.02990341,1.01436949,0,0,0,0,0,0,0,0,0,5,5.00000429,5,5,5,5.000161,5,5.01772642,5,5.002292,5,5.143696,5.616667,5.4331255,5.8,5.619634,100,99.58934,-0.09698248,-0.129787281,0.0155339241,0.0328048021,false
31-05-2016,55.39,55.43,54.82,54.92,15093400,55.49999,55.0719032,55.3099556,55.1639061,55.1714478,54.836956,53.5186653,53.9087677,54.3740158,54.4488525,52.58268,52.95463,51.95814,51.8266678,50.5635529,50.851078,74.52825,82.71504,1.06261826,0.962674,0,0,0,0,0,0,0,0,0,5,5.000006,5,5,5,5.000215,5,5.020259,5,5.00280142,5,5.153606,5.6,5.447808,5.83333349,5.63355827,100,99.45245,-0.1040926,-0.138783932,0.0999442339,0.0346913338,true
30-05-2016,0,0,0,0,0,0,55.1478577,0,55.407814,0,54.8092766,0,53.7643051,0,54.3441544,0,52.819088,0,51.72181,0,50.75964,0,85.44397,1.07568359,0.8948059,0,0,0,0,0,0,0,0,0,5,5.00000954,5,5,5,5.00028658,5,5.02315331,5,5.003424,5,5.16419935,5.616667,5.462988,5.84444427,5.64779568,100,99.26994,-0.111653328,-0.1482482,0.180877686,0.0365948677,true
29-05-2016,0,0,0,0,0,0,55.1478577,0,55.407814,0,54.8092766,0,53.7643051,0,54.3441544,0,52.819088,0,51.72181,0,50.75964,0,85.44397,1.07568359,0.825486064,0,0,0,0,0,0,0,0,0,5,5.00001431,5,5,5,5.000382,5,5.02646065,5,5.004185,5.1,5.17552328,5.65,5.47868252,5.85555553,5.662353,100,99.0265961,-0.119679451,-0.158171713,0.25019753,0.0384922624,true
28-05-2016,0,0,0,0,0,0,55.1478577,0,55.407814,0,54.8092766,0,53.7643051,0,54.3441544,0,52.819088,0,51.72181,0,50.75964,0,85.44397,1.07568359,0.7561662,0,0,0,0,0,0,0,0,0,5,5.00002146,5,5,5,5.00050926,5,5.03024054,5,5.005115,5.133333,5.18762827,5.66666651,5.494909,5.9,5.67723751,100,98.70213,-0.128182888,-0.16853708,0.319517374,0.0403541923,true
27-05-2016,55.33,55.39,55.02,55.27,5918200,55.35199,55.1478577,55.66329,55.407814,54.8628769,54.8092766,53.270668,53.7643051,54.0730171,54.3441544,52.4703445,52.819088,51.920475,51.72181,50.47611,50.75964,81.75182,85.44397,1.07568359,0.666267,0,0,0,0,0,0,0,0,0,5,5.000032,5,5,5,5.000679,5,5.03456068,5,5.006252,5.233333,5.200568,5.66666651,5.51168537,5.9333334,5.69245625,100,98.26951,-0.137172222,-0.179315671,0.409416616,0.04214345,true
26-05-2016,55.97,56.14,55.51,55.74,7020900,55.20199,55.08679,55.7699547,55.5456238,54.5085945,54.6557,52.9806633,53.5492058,53.6780167,54.1384125,52.3300133,52.65006,51.8723068,51.601532,50.37233,50.6582832,91.00172,86.67468,1.04107285,0.569581747,0,0,0,0,0,0,0,0,0,5,5.000048,5,5,5,5.000905,5,5.039498,5,5.00764132,5.233333,5.21440029,5.6833334,5.529031,5.95555544,5.708017,100,97.69268,-0.146650791,-0.190464869,0.4714911,0.043814078,true
25-05-2016,55.7,56.27,55.69,55.98,9266500,54.6059875,54.76018,55.2499542,55.3512421,53.9728775,54.2942657,52.6733322,53.2362366,53.2550163,53.782505,52.1993446,52.43696,51.8241425,51.4612465,50.2651024,50.5440865,95.0763855,85.23234,0.93390274,0.467408925,0,0,0,0,0,0,0,0,0,5,5.00007248,5,5,5,5.001207,5,5.04514027,5,5.00933933,5.266667,5.22918653,5.7,5.546964,5.9666667,5.7239275,100,96.92358,-0.156615734,-0.20192486,0.466493815,0.0453091264,false
24-05-2016,54.42,55.62,54.4,55.59,13097700,53.9679871,54.1502724,54.76329,54.72248,53.39145,53.732357,52.30733,52.84427,52.8720169,53.2941742,52.0640144,52.19261,51.7596436,51.3080673,50.1522141,50.4219322,99.45158,81.95099,0.759094238,0.3740853,0,0,0,0,0,0,0,0,0,5,5.00010872,5,5,5,5.00160933,5,5.051589,5,5.011415,5.266667,5.24499273,5.6833334,5.5655055,5.98888874,5.74019575,100,95.8981,-0.167056084,-0.213614836,0.385008931,0.0465587527,false
23-05-2016,54.2,54.86,54.15,54.18,9685300,53.2479858,53.43041,53.8199577,53.8549576,52.7814522,53.1131439,51.98333,52.4520226,52.5280151,52.78399,51.905014,51.95831,51.67964,51.1629181,50.06488,50.3057976,85.56262,76.1174545,0.56464386,0.297033936,0,0,0,0,0,0,0,0,0,5,5.000163,5,5,5,5.002146,5,5.058959,5,5.013952,5.366667,5.261889,5.7166667,5.58467531,6.01111126,5.75682926,100,94.53081,-0.17795229,-0.225428373,0.267609924,0.047476083,true
22-05-2016,0,0,0,0,0,0,53.0556145,0,53.5299149,0,52.7575264,0,52.20517,0,52.4737663,0,51.805088,0,51.0606461,0,50.21874,0,72.96906,0.4518051,0.241588175,0,0,0,0,0,0,0,0,0,5,5.00024462,5,5.00000048,5,5.002861,5,5.067382,5,5.017052,5.4,5.27995,5.8,5.604495,6.022222,5.77383661,100,92.70774,-0.189270973,-0.237227753,0.210216939,0.04795678,true
21-05-2016,0,0,0,0,0,0,53.0556145,0,53.5299149,0,52.7575264,0,52.20517,0,52.4737663,0,51.805088,0,51.0606461,0,50.21874,0,72.96906,0.4518051,0.198680028,0,0,0,0,0,0,0,0,0,5,5.00036669,5,5.000001,5,5.0038147,5,5.077008,5,5.0208416,5.366667,5.299257,5.8166666,5.62498665,6.05555534,5.79122639,100,90.2769852,-0.200964928,-0.248837531,0.253125072,0.0478726029,true
20-05-2016,52.97,54.58,52.87,54.52,14003600,52.7939873,53.0556145,53.3566246,53.5299149,52.4000244,52.7575264,51.7786636,52.20517,52.23002,52.4737663,51.79901,51.805088,51.63698,51.0606461,49.9751,50.21874,98.65166,72.96906,0.4518051,0.158318833,0,0,0,0,0,0,0,0,0,5,5.00055,5,5.000002,5,5.005086,5,5.088009,5,5.025473,5.33333349,5.31989527,5.8166666,5.64617252,6.088889,5.80900669,100,87.03598,-0.212967873,-0.260036319,0.2934863,0.0470684469,false
19-05-2016,52.71,53.08,52.26,52.76,8614000,52.15399,52.32342,52.51329,52.5398254,52.0614548,52.1700363,51.5119972,51.8744774,51.8700142,52.0190468,51.66701,51.61785,51.5889778,50.94338,49.8862152,50.12208,82.04328,64.4081955,0.266590118,0.118916407,0,0,0,0,0,0,0,0,0,5,5.00082445,5,5.00000429,5,5.00678158,5,5.10058165,5,5.03113365,5.33333349,5.341957,5.83333349,5.66807652,6.088889,5.82718658,100,82.71464,-0.225190163,-0.270547658,0.147673711,0.0453574955,false
18-05-2016,52.07,53.34,52,52.79,10519100,51.90399,52.1051331,52.22996,52.31965,51.974308,51.9733849,51.4699936,51.7479744,51.7070122,51.854393,51.57601,51.53908,51.56831,50.8817978,49.811882,50.0628,82.97216,58.52983,0.205516815,0.0939195454,0,0,0,0,0,0,0,0,0,5,5.00123644,5,5.00000858,5,5.00904226,5,5.11495066,5,5.038052,5.3,5.3655405,5.85,5.690723,6.111111,5.845775,100,76.95285,-0.237514973,-0.2800287,0.11159727,0.04251373,false
17-05-2016,51.74,52.28,51.5,51.99,9386200,51.77599,51.7627,51.73996,51.8493,51.7471657,51.70118,51.4773331,51.5991135,51.4770126,51.64648,51.5036774,51.4528122,51.52881,50.817112,49.7351036,50.0015144,59.30606,50.38239,0.121517181,0.06776089,0,0,0,0,0,0,0,0,0,5,5.00185442,5,5.00001669,5,5.01205635,5,5.131372,5,5.046508,5.366667,5.39075041,5.85,5.714137,6.111111,5.86478138,100,69.27046,-0.249790668,-0.28805685,0.05375629,0.0382661819,false
16-05-2016,51.32,52.17,51.12,51.91,6823600,51.80799,51.6490479,51.5799561,51.7086,51.59431,51.6049042,51.538662,51.5432739,51.3510132,51.57014,51.43968,51.4157639,51.5169754,50.77735,49.6701,49.95683,56.78234,47.4078331,0.0939903259,0.05158742,0,0,0,0,0,0,0,0,0,5,5.002782,5,5.00003338,5,5.016075,5,5.15013933,5,5.056843,5.4,5.417699,5.866667,5.738345,6.14444447,5.884215,100,59.0272865,-0.261825562,-0.294113755,0.0424029045,0.0322881937,false
15-05-2016,0,0,0,0,0,0,51.5185738,0,51.5072,0,51.5032043,0,51.4908829,0,51.4946175,0,51.38168,0,50.7389565,0,49.9129372,0,44.2829971,0.06563187,0.0384724922,0,0,0,0,0,0,0,0,0,5,5.004173,5,5.00006676,5,5.02143335,5,5.171588,5,5.0694747,5.4666667,5.44650555,5.9,5.763374,6.15555573,5.90408468,100,45.3697166,-0.2733779,-0.297566533,0.0271593742,0.0241886377,true
14-05-2016,0,0,0,0,0,0,51.5185738,0,51.5072,0,51.5032043,0,51.4908829,0,51.4946175,0,51.38168,0,50.7389565,0,49.9129372,0,44.2829971,0.06563187,0.0285085049,0,0,0,0,0,0,0,0,0,5,5.00625944,5,5.000133,5,5.028578,5.2,5.19610071,5,5.08491373,5.5666666,5.477299,5.9333334,5.789251,6.188889,5.92440128,1e-7,27.1596222,-0.2841468,-0.2976453,0.03712336,0.0134985149,true
13-05-2016,51.46,52.08,51.11,51.32,6975100,51.6659927,51.5185738,51.6599579,51.5072,51.4828835,51.5032043,51.57333,51.4908829,51.2710152,51.4946175,51.39768,51.38168,51.4754753,50.7389565,49.6337662,49.9129372,38.17034,44.2829971,0.06563187,0.0225825831,0,0,0,0,0,0,0,0,0,5,5.0093894,5,5.000266,5,5.038104,5.266667,5.224115,5,5.10378361,5.5666666,5.510216,5.983333,5.816005,6.177778,5.945174,28.57143,36.21283,-0.293758869,-0.29341644,0.0430492833,-0.000342428684,true
12-05-2016,52.33,52.53,51.36,51.51,9516000,51.58599,51.61786,51.9366264,51.694397,51.36431,51.56427,51.66133,51.5152931,51.1910172,51.53342,51.38301,51.3859329,51.4381447,50.71926,49.60955,49.8813171,44.16399,46.32055,0.08855438,0.0194151141,0,0,0,0,0,0,0,0,0,5,5.01408434,5,5.000532,5,5.05080557,5.4666667,5.256131,5,5.126847,5.66666651,5.54540348,6.016667,5.84366655,6.177778,5.966414,28.57143,38.759964,-0.301754,-0.283750951,0.06913927,-0.0180030465,true
11-05-2016,51.83,52.53,51.69,52.15,8324100,51.50999,51.6717873,51.8332939,51.8787956,51.25288,51.58236,51.6719971,51.51605,51.2530136,51.5386238,51.3706779,51.3773766,51.3864746,50.6924553,49.59411,49.84472,64.35338,47.039402,0.09718323,0.0244021937,0,0,0,0,0,0,0,0,0,5,5.02112675,5,5.001065,5,5.067741,5.4666667,5.29272127,5,5.155035,5.7,5.58301735,6.05,5.87226534,6.188889,5.988131,37.5,42.15614,-0.307569981,-0.267287046,0.0727810338,-0.0402829349,false
10-05-2016,51.26,52.23,50.97,52.15,8199000,51.17799,51.432682,51.42329,51.60759,51.10431,51.3931465,51.6679955,51.4254837,51.3280144,51.4027634,51.3320122,51.3240929,51.2961426,50.6430473,49.57011,49.7929153,64.35338,41.2680779,0.0416183472,0.0391591378,0,0,0,0,0,0,0,0,0,5,5.03169,5,5.00212955,5,5.090321,5.5333333,5.33453846,5,5.18948746,5.7,5.623225,6.0333333,5.90183353,6.211111,6.0103364,37.5,43.7081871,-0.3105197,-0.242385328,0.00245920941,-0.06813437,false
09-05-2016,51,51.6,50.79,51.2,7173600,50.89399,51.07402,51.0832939,51.06518,50.8714523,51.14086,51.6466637,51.32198,51.4040146,51.23671,51.28334,51.2671356,51.1696434,50.5919647,49.55078,49.73995,34.3848839,33.57298,-0.0299110413,0.06911257,0,0,0,0,0,0,0,0,0,5,5.04753542,5,5.00425959,5,5.120428,5.5333333,5.38232946,5.3,5.23159552,5.8,5.66620636,6.1,5.932404,6.233333,6.03304052,44.4444466,45.7775841,-0.3097682,-0.207076073,-0.09902361,-0.102692127,false
08-05-2016,0,0,0,0,0,0,51.0110321,0,50.9303627,0,51.12115,0,51.3394051,0,51.24487,0,51.2717667,0,50.5713539,0,49.7071381,0,33.3023453,-0.0240440369,0.1070137,0,0,0,0,0,0,0,0,0,5,5.07130337,5,5.008519,5,5.160571,5.733333,5.436948,5.4,5.283061,5.7,5.71215153,6.1,5.96401072,6.24444437,6.056255,44.4444466,46.221962,-0.3043027,-0.158996582,-0.131057739,-0.14530611,true
07-05-2016,0,0,0,0,0,0,51.0110321,0,50.9303627,0,51.12115,0,51.3394051,0,51.24487,0,51.2717667,0,50.5713539,0,49.7071381,0,33.3023453,-0.0240440369,0.144262955,0,0,0,0,0,0,0,0,0,5,5.106955,5,5.017038,5,5.21409464,5.8,5.49936867,5.7,5.34596348,5.83333349,5.76126528,6.1,5.996689,6.266667,6.079991,44.4444466,46.81447,-0.292900562,-0.129256412,-0.168306991,-0.16364415,true
06-05-2016,50.65,51.12,50.38,50.92,9434500,50.87599,51.0110321,50.84663,50.9303627,51.0043068,51.12115,51.6699944,51.3394051,51.5270157,51.24487,51.2496758,51.2717667,51.0329781,50.5713539,49.5472221,49.7071381,25.55199,33.3023453,-0.0240440369,0.199200526,0,0,0,0,0,0,0,0,0,5,5.16043234,5,5.03407574,5.428571,5.28545952,5.733333,5.570707,5.7,5.42284441,5.9,5.81376648,6.15,6.03047466,6.27777767,6.10426044,44.4444466,47.6044769,-0.274086952,-0.100730211,-0.223244563,-0.173356742,false
05-05-2016,50.74,51.27,50.43,51.13,10189100,50.7959938,51.05655,50.7832947,50.9407272,51.2871628,51.1882,51.67933,51.39932,51.6990166,51.3170624,51.247673,51.29603,50.9003143,50.559536,49.5323334,49.679882,32.17669,35.8858,0.012298584,0.257740021,0,0,0,0,0,0,0,0,0,5,5.24064827,5,5.06815147,5.571429,5.380613,5.66666651,5.65223646,5.8,5.51681,6.0666666,5.86988831,6.16666651,6.065406,6.288889,6.129075,44.4444466,48.65782,-0.246087074,-0.0967946053,-0.245441437,-0.149292469,false
04-05-2016,50.19,50.88,50.15,50.49,11981800,50.9959946,51.01982,50.7766266,50.7514572,51.5414467,51.2076,51.72533,51.4377937,51.7530136,51.35863,51.2430038,51.30748,50.7749825,50.5402,49.51478,49.6472969,11.987422,37.12217,0.0371246338,0.307315,0,0,0,0,0,0,0,0,0,5.6,5.3609724,5,5.136303,6,5.507484,5.66666651,5.7454133,5.8,5.63165665,6.1,5.92988062,6.2166667,6.10152149,6.288889,6.15444756,44.4444466,50.06228,-0.206769466,-0.09036345,-0.270190358,-0.116406016,false
03-05-2016,50.67,50.92,50.19,50.73,7848600,51.47799,51.2847328,50.7866249,51.0129128,51.8185921,51.4468,51.8206635,51.5731926,51.9130135,51.55166,51.2940063,51.3638573,50.66498,50.5419,49.4986649,49.62836,19.5583382,45.5004158,0.13343811,0.3469895,0,0,0,0,0,0,0,0,0,5.8,5.54145861,5,5.272606,6,5.67664528,5.6,5.851901,6.1,5.77202463,6.16666651,5.99401045,6.1833334,6.138861,6.27777767,6.18039036,44.4444466,51.9348869,-0.153578758,-0.09215376,-0.2135514,-0.061425,false
02-05-2016,50.69,51.17,50.13,51.11,7123500,51.91399,51.5621,51.2532959,51.295826,52.09145,51.6857338,51.826664,51.69365,52.0230179,51.73425,51.343338,51.40757,50.55315,50.5355263,49.48022,49.6036034,31.5457573,54.1477737,0.229995728,0.3716401,0,0,0,0,0,0,0,0,0,6.4,5.812188,6,5.545212,6.142857,5.90219355,5.733333,5.97360134,6.2,5.943586,6.233333,6.062563,6.2,6.177467,6.288889,6.206916,44.4444466,54.4317,-0.08345461,-0.09309843,-0.141644359,0.009643823,false
01-05-2016,0,0,0,0,0,0,51.788147,0,51.48165,0,51.8776436,0,51.7770271,0,51.87297,0,51.428093,0,50.5160522,0,49.56975,0,61.681778,0.3111992,0.385562062,0,0,0,0,0,0,0,0,0,6.4,6.218282,6.33333349,6.09042358,6.142857,6.20292473,5.8,6.112687,6.1,6.15327168,6.2,6.13584328,6.25,6.217381,6.311111,6.2340374,44.4444466,57.760788,0.00726366043,-0.1268894,-0.074362874,0.134153053,true
30-04-2016,0,0,0,0,0,0,51.788147,0,51.48165,0,51.8776436,0,51.7770271,0,51.87297,0,51.428093,0,50.5160522,0,49.56975,0,61.681778,0.3111992,0.3904614,8,10,5,1,5,8,8,8,8,6.6,6.82742357,7.33333349,7.18084669,6.571429,6.6039,5.9333334,6.27164268,6,6.40955448,6.233333,6.214177,6.266667,6.258648,6.34444427,6.261769,77.77778,62.1995659,0.122947216,-0.179486439,-0.0792622,0.30243367,false
29-04-2016,51.83,52,50.11,50.52,11437400,52.17799,51.788147,51.8499641,51.48165,52.1714478,51.8776436,51.8193321,51.7770271,52.0670166,51.87297,51.3593369,51.428093,50.4623146,50.5160522,49.4541054,49.56975,12.9337568,61.681778,0.3111992,0.3868934,6,10,3,1,5,6,6,6,6,6,6.241135,6.33333349,6.36169338,6.285714,6.138533,5.9333334,6.0247345,5.7,6.0561223,6.2,6.091017,6.233333,6.199619,6.322222,6.22270727,55.5555573,57.00683,-0.03664112,-0.23269552,-0.0756942,0.1960544,false
28-04-2016,52.48,53.28,52.04,52.13,7795000,52.60199,52.42222,52.6466331,52.4433022,52.3957329,52.3301926,51.822,51.956604,52.1210136,52.17363,51.3880043,51.49072,50.36581,50.51592,49.4197769,49.5483971,62.6623878,77.93112,0.470394135,0.383040965,8,10,7,0,4,8,8,8,8,6.4,6.361703,6.33333349,6.723387,6,6.184711,5.866667,6.028268,5.5,6.068594,6.2,6.097294,6.2833333,6.20638561,6.322222,6.227712,77.77778,57.4905853,-0.03616476,-0.251972467,0.08735317,0.2158077,false
27-04-2016,52.03,53.13,52.01,52.9,8256600,52.50999,52.568325,52.74663,52.7566032,52.35288,52.3969231,51.682,51.9318352,52.0900154,52.1833267,51.36034,51.44663,50.2161446,50.4612045,49.36878,49.4903831,93.15478,83.0207,0.502811432,0.355938375,5,8,2,2,13,5,5,5,5,6,5.54255438,5.33333349,5.446774,5.428571,5.57961464,5.866667,5.746592,5.4,5.639393,6.1,5.96607256,6.2833333,6.145585,6.3,6.18788528,44.4444466,50.7281876,-0.238666534,-0.261598647,0.146873057,0.0229321122,false
26-04-2016,52.54,52.96,52.45,52.91,7600100,52.3479919,52.40249,52.65997,52.613205,52.1600227,52.22923,51.529995,51.7935257,51.992012,52.0240669,51.3180046,51.3463974,50.10298,50.3785324,49.31511,49.41376,94.6428452,79.64267,0.4584732,0.3207105,6,9,3,2,13,6,6,6,6,5.8,5.813832,6.33333349,5.893548,5.428571,5.77281952,5.9333334,5.853248,5.5,5.78148031,6.133333,6.032698,6.3166666,6.18441868,6.3,6.214579,55.5555573,52.8227654,-0.188206673,-0.2248276,0.1377627,0.03662093,true
25-04-2016,52.6,52.72,52.03,52.43,6941200,52.1319962,52.148735,52.24663,52.3164139,51.8957329,52.0023041,51.3406639,51.63403,51.7830124,51.8271942,51.29067,51.2385635,49.9768181,50.29272,49.2607765,49.3351936,80.3571548,74.64261,0.394195557,0.287503123,5,9,1,3,8,5,5,5,5,5.4,5.72074747,6.33333349,5.787096,5.142857,5.697093,5.866667,5.8322835,5.6,5.73292065,6.133333,6.034953,6.3166666,6.19067,6.288889,6.219401,44.4444466,51.9118347,-0.222882271,-0.197250471,0.106692433,-0.0256318,true
24-04-2016,0,0,0,0,0,0,52.0081024,0,52.20283,0,51.8597374,0,51.52032,0,51.6932373,0,51.156395,0,50.2202721,0,49.2656479,0,72.7377548,0.355293274,0.261437744,8,10,4,3,6,8,8,8,8,5.4,6.08112144,6,6.57419252,5.428571,5.929457,6.0666666,5.951181,5.9,5.895792,6.1,6.106329,6.35,6.231032,6.311111,6.24680328,77.77778,54.4009628,-0.162080765,-0.159182921,0.09385553,-0.00289784372,false
23-04-2016,0,0,0,0,0,0,52.0081024,0,52.20283,0,51.8597374,0,51.52032,0,51.6932373,0,51.156395,0,50.2202721,0,49.2656479,0,72.7377548,0.355293274,0.2396948,6,10,2,2,3,6,6,6,6,4.6,5.121682,4.66666651,5.148385,5.142857,5.23927641,5.66666651,5.65849257,5.6,5.42819,6.0666666,5.975731,6.33333349,6.17106676,6.27777767,6.20740557,55.5555573,46.60869,-0.387573242,-0.130905792,0.11559847,-0.256667435,false
22-04-2016,51.71,53.09,51.68,52.64,14029800,51.9559937,52.0081024,52.1333,52.20283,51.8085938,51.8597374,51.222,51.52032,51.6400146,51.6932373,51.28367,51.156395,49.8294868,50.2202721,49.19855,49.2656479,86.6071243,72.7377548,0.355293274,0.219528615,4,7,1,2,11,4,4,4,4,4.8,4.68252325,4.33333349,4.29677,5.285714,4.985702,5.866667,5.609706,5.8,5.301121,6.2,5.974057,6.33333349,6.17686558,6.3,6.212066,33.3333359,43.6264,-0.466109753,-0.09290976,0.135764658,-0.3732,false
21-04-2016,51.3,51.8,50.74,51.67,16728600,51.63999,51.6921539,51.8633,51.7656631,51.70573,51.59965,51.1046677,51.3603668,51.4320145,51.4828453,51.263,51.0540771,49.7443237,50.13825,49.140995,49.18982,69.03906,68.11463,0.279087067,0.192495555,4,7,1,8,39,4,4,4,4,5.2,5.02378464,4.33333349,4.59354,5.857143,5.31426954,6.0666666,5.839664,6,5.590259,6.266667,6.110199,6.4,6.25065756,6.311111,6.26177549,33.3333359,47.0574226,-0.35593462,-0.031748455,0.08659151,-0.324186176,false
20-04-2016,51.93,52.54,51.81,52.09,11216900,51.66999,51.70323,51.8233032,51.8613243,51.5843,51.5762024,51.0693359,51.3161354,51.268013,51.4412575,51.27233,51.0116,49.6918259,50.0863228,49.10655,49.1340866,83.98575,67.80649,0.2765274,0.163853109,5,9,1,10,41,5,5,5,5,5.8,5.535677,5.33333349,5.187081,6,5.75235939,6.4666667,6.10247326,6.1,5.94365,6.3,6.25573,6.4666667,6.326951,6.34444427,6.312602,44.4444466,51.63212,-0.210133553,0.00152487226,0.112674296,-0.211658418,false
19-04-2016,51.73,51.93,51.3,51.83,9306400,51.6359863,51.5098457,51.47997,51.63265,51.42859,51.4049377,50.996,51.20558,51.12101,51.2970924,51.2846642,50.93723,49.6166573,50.0184021,49.06766,49.06766,77.49088,62.4134026,0.226470947,0.135043681,4,7,1,2,10,4,4,4,4,6.4,5.80351543,5.66666651,5.37416172,6.428571,6.003146,6.5333333,6.25996971,6.4,6.15335,6.33333349,6.34233236,6.4666667,6.37193251,6.34444427,6.34209871,33.3333359,54.0280075,-0.12280035,0.02134519,0.09142727,-0.144145548,false
18-04-2016,51.09,51.73,50.94,51.55,7673100,51.4339828,51.3497658,51.47664,51.4352951,51.24716,51.2632523,50.92,51.11638,50.94501,51.17867,51.3336678,50.87566,49.5539932,49.9569931,49.03662,49.03662,67.87006,57.3875771,0.1857605,0.109155446,7,10,3,6,13,7,7,7,7,6.6,6.705273,6.66666651,6.748323,6.714286,6.67086124,6.733333,6.582823,6.2,6.631872,6.4,6.50387239,6.516667,6.452337,6.34444427,6.39473,62.5,60.92623,0.09227276,0.046332676,0.07660505,0.0459400825,true
17-04-2016,0,0,0,0,0,0,51.24965,0,51.32059,0,51.16767,0,51.0544319,0,51.0961533,0,50.829155,0,49.9029922,0,49.00806,0,53.8934135,0.159606934,0.08779059,6,9,3,3,6,6,6,6,6,6.8,6.55791,7,6.496646,6.428571,6.561148,6.733333,6.52322626,6.4,6.550066,6.33333349,6.469657,6.483333,6.433772,6.322222,6.38112831,50,60.40164,0.059987545,0.03229936,0.07181634,0.0276881866,false
16-04-2016,0,0,0,0,0,0,51.24965,0,51.32059,0,51.16767,0,51.0544319,0,51.0961533,0,50.829155,0,49.9029922,0,49.00806,0,53.8934135,0.159606934,0.0693317,7,10,3,2,4,7,7,7,7,6.8,6.836865,6.66666651,6.993292,6.714286,6.74819756,6.6,6.597973,6.5,6.67230272,6.33333349,6.502047,6.516667,6.44847631,6.33333349,6.389693,66.66667,63.8688545,0.119725704,0.07048358,0.0902752355,0.049242124,false
15-04-2016,51.93,51.99,51.03,51.06,10143300,51.3239861,51.24965,51.59997,51.32059,51.03002,51.16767,50.8293343,51.0544319,50.85501,51.0961533,51.3706665,50.829155,49.4789925,49.9029922,49.00806,49.00806,50.1806145,53.8934135,0.159606934,0.0524910837,8,10,5,2,10,8,8,8,8,6.4,6.755297,7,6.98658371,6,6.66426325,6.5333333,6.54054,6.8,6.599481,6.33333349,6.46770573,6.5,6.42978048,6.33333349,6.375978,77.77778,62.93625,0.0924134254,0.084255904,0.10711585,0.00815752149,false
14-04-2016,51.85,51.89,51.24,51.82,7921400,51.2239876,51.34447,51.51997,51.58118,50.9671631,51.20356,50.8159981,51.0536346,50.8370132,51.104187,51.4146652,50.8132362,49.39349,49.8637733,48.9844742,48.9844742,77.61737,55.131012,0.1737976,0.0436986275,5,9,2,3,13,5,5,5,5,6.4,6.13294554,6.33333349,5.973167,6.142857,6.21901751,6.4666667,6.332046,6.6,6.28825474,6.3,6.36203051,6.5,6.37655258,6.3,6.33948326,44.4444466,57.9890747,-0.0456089973,0.100608826,0.130098984,-0.146217823,true
13-04-2016,51.3,52.44,51.15,51.92,13813500,50.86599,51.10671,51.24664,51.34236,50.7171631,50.9980774,50.7606659,50.9441528,50.7690125,50.945118,51.4489975,50.7438049,49.29799,49.7974625,48.9515076,48.9515076,81.2274246,47.63556,0.1119957,0.03679742,8,10,5,2,10,8,8,8,8,5.8,6.69941854,6.33333349,6.946334,6.428571,6.62535667,6.5333333,6.52233839,6.8,6.57453346,6.4,6.45596361,6.483333,6.42321539,6.33333349,6.369584,77.77778,62.50395,0.084342,0.0973914,0.07519828,-0.0130493939,true
12-04-2016,51.05,51.1,50.2,50.82,6116900,50.6059875,50.70006,50.7933044,50.76472,50.5357323,50.690773,50.767334,50.8047447,50.6760139,50.7284775,51.45533,50.66269,49.1963272,49.7255135,48.916584,48.916584,43.39626,36.43827,0.0213050842,0.0472310372,6,10,2,3,12,6,6,6,6,6,6.04912758,6.33333349,5.892668,6.714286,6.167142,6.33333349,6.311244,6.7,6.25776339,6.366667,6.34947824,6.4333334,6.36976528,6.3,6.33294535,55.5555573,57.41267,-0.0564746857,0.08055507,-0.0259259529,-0.137029752,false
11-04-2016,50.86,51.58,50.86,51,8637200,50.455986,50.64009,50.5299721,50.7094421,50.5443039,50.6476974,50.86,50.8025665,50.6630135,50.70814,51.4543343,50.65184,49.144825,49.68841,48.89393,48.89393,49.62693,34.11894,0.0172424316,0.07420773,5,9,2,3,7,5,5,5,5,6.2,6.07369137,5,5.785335,6.714286,6.22285557,6.33333349,6.35570765,6.5,6.315044,6.4,6.37358,6.4333334,6.3823,6.311111,6.3404274,44.4444466,58.0317078,-0.03175068,0.06920719,-0.0569653,-0.10095787,false
10-04-2016,0,0,0,0,0,0,50.4601364,0,50.4188843,0,50.5302658,0,50.77436,0,50.6432838,0,50.62783,0,49.64395,0,48.86855,0,28.94961,-0.00652313232,0.101635829,8,10,3,2,4,8,8,8,8,7.2,6.610537,6.33333349,6.57067,7,6.630474,6.4,6.5493803,6.6,6.607276,6.366667,6.4683094,6.4666667,6.42915773,6.33333349,6.370549,77.77778,62.5607948,0.102087021,0.0424034856,-0.108158961,0.0596835352,false
09-04-2016,0,0,0,0,0,0,50.4601364,0,50.4188843,0,50.5302658,0,50.77436,0,50.6432838,0,50.62783,0,49.64395,0,48.86855,0,28.94961,-0.00652313232,0.131704539,2,2,2,1,1,2,2,2,2,6.8,5.915806,6,5.14134026,6.857143,6.17396545,6.133333,6.342149,6.5,6.297782,6.4,6.36267567,6.45,6.375909,6.311111,6.3339324,11.1111116,57.48847,-0.0340271,0.01888858,-0.138227671,-0.0529156774,true
08-04-2016,50.37,51.15,50.25,50.56,5584800,50.3859863,50.4601364,50.4033051,50.4188843,50.5643,50.5302658,50.8993378,50.77436,50.5820122,50.6432838,51.475,50.62783,49.06316,49.64395,48.86855,48.86855,33.2090721,28.94961,-0.00652313232,0.166998118,9,10,6,1,6,9,9,9,9,7.8,7.873709,8.666667,8.28268051,7.142857,7.56528759,6.4666667,6.96245575,6.9,7.252845,6.5,6.66355,6.516667,6.524245,6.34444427,6.431324,88.88889,72.9475861,0.403645515,0.0112265479,-0.17352125,0.392418981,true
07-04-2016,50.4,50.45,49.77,50.03,7532200,50.44999,50.4102058,50.23997,50.2777634,50.62573,50.5203552,50.9540024,50.804985,50.6120148,50.6617928,51.5109978,50.6325073,48.9958267,49.6129,48.84792,48.84792,13.4328575,27.529789,0.008041382,0.2055164,7,10,4,2,8,7,7,7,7,7.4,7.31056356,7.66666651,7.56536055,6.714286,7.08705044,6.5333333,6.671378,6.5,6.864588,6.366667,6.50241566,6.483333,6.440321,6.311111,6.373601,66.66667,67.63382,0.243676662,-0.0552819036,-0.197475016,0.29895857,false
06-04-2016,50.14,50.73,49.73,50.62,7631600,50.67199,50.60031,50.4466362,50.5255241,50.7200127,50.6838074,51.0386734,50.9157,50.7080154,50.8021927,51.5606651,50.67406,48.9298248,49.5987625,48.83333,48.83333,35.4477844,32.2287674,0.08047485,0.2476794,10,10,9,1,6,10,10,10,10,6.8,7.46584558,7.66666651,8.130721,6.714286,7.11606741,6.4666667,6.624432,6.4,6.834496,6.4,6.46809959,6.4666667,6.42134857,6.322222,6.35952473,100,67.9562,0.239589691,-0.105427422,-0.167204544,0.3450171,true
05-04-2016,50.44,50.53,50,50.07,6863300,50.74599,50.5904655,50.5333061,50.43105,50.65859,50.70508,51.1060066,50.957943,50.8480148,50.84268,51.554,50.6777878,48.8508224,49.5641441,48.8109932,48.8109932,14.9254274,31.1557617,0.111686707,0.291279256,6,10,2,1,4,6,6,6,6,6,6.198768,6.66666651,6.261442,6.142857,6.15475655,6.133333,6.142208,6,6.13105059,6.266667,6.22452,6.4,6.30003834,6.288889,6.277716,55.5555573,57.2749329,-0.07456589,-0.14527151,-0.17959255,0.07070562,false
04-04-2016,50.81,51.11,50.51,50.65,6289600,50.8699875,50.8507,50.8899727,50.7921,50.7714424,50.91677,51.2406731,51.0847931,51.06201,51.01439,51.5943375,50.7197037,48.78532,49.5469971,48.7950554,48.7950554,35.7665253,36.5658722,0.205898285,0.348410279,7,10,3,8,5,7,7,7,7,6.2,6.29815245,6,6.52288437,6,6.20634174,6.133333,6.16252375,5.8,6.160173,6.33333349,6.24000454,6.383333,6.31020927,6.3,6.283957,66.66667,57.8480568,-0.0671849251,-0.148761481,-0.142512,0.081576556,false
03-04-2016,0,0,0,0,0,0,50.95105,0,50.9341965,0,51.0056953,0,51.146904,0,51.0953636,0,50.72451,0,49.5096054,0,48.7712746,0,36.83232,0.2640953,0.395073354,7,10,3,9,9,7,7,7,7,6,5.947229,5.66666651,6.045769,5.857143,5.941789,6.0666666,6.04288435,5.8,5.9735446,6.2,6.187591,6.33333349,6.28682661,6.3,6.267866,66.66667,54.90852,-0.158605576,-0.1510522,-0.130978048,-0.007553369,false
02-04-2016,0,0,0,0,0,0,50.95105,0,50.9341965,0,51.0056953,0,51.146904,0,51.0953636,0,50.72451,0,49.5096054,0,48.7712746,0,36.83232,0.2640953,0.4352701,4,6,1,8,15,4,4,4,4,5.6,5.4208436,5.66666651,5.09153843,5.714286,5.589052,5.9333334,5.90615368,6.1,5.74544334,6.16666651,6.13156271,6.3166666,6.26265144,6.3,6.251414,33.3333359,50.9891357,-0.272984028,-0.117839493,-0.1711748,-0.155144542,true
01-04-2016,51.08,51.11,50.01,50.88,9379800,50.77799,50.95105,51.00331,50.9341965,50.82001,51.0056953,51.3453369,51.146904,51.1560135,51.0953636,51.5533371,50.72451,48.75182,49.5096054,48.7712746,48.7712746,40.74082,36.83232,0.2640953,0.475466847,6,10,2,8,30,6,6,6,6,6,6.13126564,6.33333349,6.18307734,5.714286,6.11873627,6.0666666,6.178461,6.3,6.13331938,6.3,6.278567,6.366667,6.33935165,6.33333349,6.302007,55.5555573,56.8744049,-0.109547138,-0.0737340152,-0.211371541,-0.035813123,false
31-03-2016,50.87,51.43,50.83,51.14,7315800,50.7739868,50.9865723,50.9399757,50.98839,50.98287,51.0475922,51.4213371,51.18503,51.2060127,51.1432228,51.4933357,50.7137871,48.72282,49.46315,48.74389,48.74389,49.49497,35.5294876,0.31111908,0.5287688,7,10,3,10,33,7,7,7,7,6,6.19689846,6,6.36615467,5.857143,6.1583147,6.133333,6.20395565,6.2,6.16294575,6.3,6.297778,6.4,6.350855,6.34444427,6.308794,66.66667,57.3140221,-0.102985382,-0.0842457339,-0.2176497,-0.0187396482,true
30-03-2016,51.17,51.65,50.73,50.99,7142800,50.743988,50.90986,50.62331,50.8367844,51.13572,51.01679,51.475338,51.1914635,51.2220078,51.14394,51.4023361,50.6843948,48.705822,49.4063072,48.7123642,48.7123642,44.4445419,30.8743248,0.3401413,0.5909,6,10,2,9,27,6,6,6,6,5.4,5.79534769,5.66666651,5.73231,6.285714,5.877753,6.133333,6.090235,6.1,5.97693348,6.266667,6.249349,6.383333,6.32885,6.34444427,6.29326153,55.5555573,54.1964722,-0.194930553,-0.096437186,-0.2507587,-0.09849337,false
29-03-2016,50,50.94,49.67,50.69,10462600,50.94999,50.86979,50.5799751,50.6835632,51.2214355,51.02572,51.57334,51.2202454,51.28601,51.17815,51.260334,50.66332,48.6891556,49.352623,48.6819954,48.6819954,28.8135643,26.3509178,0.3875084,0.654686,5,8,1,7,22,5,5,5,5,5.6,5.6930213,5.66666651,5.46461964,6.285714,5.83700371,6.266667,6.103126,6.1,5.97180748,6.366667,6.266546,6.383333,6.33999729,6.34444427,6.299852,44.4444466,53.7434425,-0.207633018,-0.08796898,-0.267177582,-0.119664036,false
28-03-2016,50.43,50.61,49.95,50.19,9065200,51.2539864,50.9596863,50.6799774,50.67713,51.3200073,51.1376266,51.7473373,51.2959938,51.4260139,51.28663,51.0560074,50.66148,48.68449,49.30729,48.65486,48.65486,6.72263,25.5300369,0.4728737,0.7158097,6,8,4,5,6,6,6,6,6,6.6,6.039532,5.33333349,5.92923927,6.285714,6.116005,6.4,6.26071548,6.1,6.18776464,6.4666667,6.35389376,6.4,6.385421,6.366667,6.329062,55.5555573,56.84311,-0.119007111,-0.0758809,-0.242936015,-0.04312621,false
27-03-2016,0,0,0,0,0,0,51.34453,0,51.1642647,0,51.4535027,0,51.4539948,0,51.530323,0,50.6939964,0,49.2773666,0,48.63383,0,31.7991714,0.625865936,0.7674484,6,9,3,3,5,6,6,6,6,6.6,6.059298,5.66666651,5.85847855,6.285714,6.15467358,6.4666667,6.29796028,6.1,6.22949028,6.5,6.3783,6.383333,6.398486,6.37777758,6.336457,55.5555573,57.2722931,-0.105975628,-0.0706616,-0.141582489,-0.03531403,false
26-03-2016,0,0,0,0,0,0,51.34453,0,51.1642647,0,51.4535027,0,51.4539948,0,51.530323,0,50.6939964,0,49.2773666,0,48.63383,0,31.7991714,0.625865936,0.802088,4,6,1,2,4,4,4,4,4,6.4,6.0889473,7,5.71695757,6.285714,6.206231,6.33333349,6.340526,6.2,6.280488,6.5,6.40439,6.366667,6.411994,6.37777758,6.34401751,33.3333359,57.8445358,-0.08780146,-0.0516590029,-0.176222086,-0.0361424536,true
25-03-2016,0,0,0,0,0,0,51.34453,0,51.1642647,0,51.4535027,0,51.4539948,0,51.530323,0,50.6939964,0,49.2773666,0,48.63383,0,31.7991714,0.625865936,0.8455459,7,9,5,1,4,7,7,7,7,6.8,7.133421,7.66666651,7.433915,6.428571,6.941642,6.66666651,6.674887,6.5,6.78726339,6.6,6.57021,6.41666651,6.49375629,6.422222,6.39669228,66.66667,66.01494,0.140308857,-0.0266533419,-0.219679952,0.1669622,false
24-03-2016,50.63,50.9,50.13,50.86,7527300,51.5339851,51.34453,51.289978,51.1642647,51.4785767,51.4535027,51.9120026,51.4539948,51.6290169,51.530323,50.81634,50.6939964,48.6959877,49.2773666,48.63383,48.63383,21.5339146,31.7991714,0.625865936,0.9009912,10,10,10,1,3,10,10,10,10,6.6,7.20013142,7,7.86783,6.285714,6.922189,6.5333333,6.62844229,6.6,6.739989,6.6,6.54056931,6.383333,6.4765954,6.4333334,6.383135,100,65.7977,0.123965263,-0.0282887351,-0.275125265,0.152254,true
23-03-2016,52.12,52.16,50.81,50.99,9194600,51.63799,51.586792,51.73998,51.46853,51.58858,51.6513367,52.01334,51.53885,51.7450142,51.6792831,50.5530052,50.68255,48.6746559,49.2237167,48.6029129,48.6029129,6.64208031,35.2209244,0.743812561,0.970824361,6,10,2,1,4,6,6,6,6,5.6,5.80019665,5.66666651,5.7356596,5.857143,5.896252,6.2,6.146791,6.3,6.015542,6.4666667,6.30198765,6.35,6.357158,6.388889,6.301857,55.5555573,54.39693,-0.204152584,-0.0299646053,-0.2270118,-0.174187973,false
22-03-2016,51.84,52.32,51.79,52.02,6623200,51.69999,51.88519,51.9399757,51.9470558,51.7457237,51.87178,52.1373367,51.6172562,51.8410149,51.8324547,50.3070068,50.6613464,48.6506538,49.16384,48.56929,48.56929,42.5287476,44.7472076,0.8703003,1.04015565,5,9,1,1,6,5,5,5,5,5.6,5.700295,5.66666651,5.47131968,6,5.86166954,6.33333349,6.16776133,6.4,6.018996,6.5333333,6.32281446,6.33333349,6.369265,6.4,6.30864048,44.4444466,54.0107231,-0.212708473,-0.009041574,-0.169855356,-0.2036669,false
21-03-2016,51.6,52.35,51.51,52.21,11796500,51.62199,51.8177834,51.7266426,51.87411,51.7742958,51.8223724,52.1433334,51.55972,51.8850174,51.79078,50.0360069,50.567646,48.60099,49.0670242,48.5199966,48.5199966,49.8083878,45.4866943,0.9142151,1.10410476,6,10,1,1,2,6,6,6,6,6,6.050442,5.66666651,5.94263935,6.428571,6.1488924,6.4,6.334584,6.3,6.245439,6.633333,6.414043,6.366667,6.415681,6.4333334,6.338048,55.5555573,57.199482,-0.118716717,0.0064822305,-0.189889669,-0.125198945,true
20-03-2016,0,0,0,0,0,0,51.6216736,0,51.5382233,0,51.69316,0,51.4668236,0,51.69762,0,50.45438,0,48.9604836,0,48.46652,0,44.0461273,0.9376221,1.16317451,6,9,3,2,3,6,6,6,6,6.2,6.07566357,5.66666651,5.8852787,6.571429,6.19852352,6.5333333,6.382382,6.6,6.299981,6.6,6.442598,6.35,6.429772,6.4666667,6.34564447,55.5555573,57.7474556,-0.09884024,0.003575696,-0.22555244,-0.102415934,false
19-03-2016,0,0,0,0,0,0,51.6216736,0,51.5382233,0,51.69316,0,51.4668236,0,51.69762,0,50.45438,0,48.9604836,0,48.46652,0,44.0461273,0.9376221,1.21964347,5,5,5,1,1,5,5,5,5,6.6,6.11349535,6,5.770558,6.714286,6.264698,6.33333349,6.437008,6.5,6.36664343,6.633333,6.47312164,6.3166666,6.44434,6.4666667,6.35341167,44.4444466,58.47809,-0.0720334053,0.022440169,-0.2820214,-0.09447357,true
18-03-2016,51.69,51.87,51.23,51.59,28991500,51.5979919,51.6216736,51.4233131,51.5382233,51.7471542,51.69316,52.0486641,51.4668236,51.99401,51.69762,49.76301,50.45438,48.5486565,48.9604836,48.46652,48.46652,31.3167477,44.0461273,0.9376221,1.28337348,6,9,2,1,6,6,6,6,6,7,6.670243,6.66666651,6.54111576,6.571429,6.686264,6.4,6.642295,6.5,6.670342,6.633333,6.574716,6.3166666,6.493301,6.477778,6.3838253,55.5555573,63.1559677,0.06504774,0.0122523308,-0.3457514,0.05279541,false
17-03-2016,51.15,51.69,51.12,51.38,10190400,51.72399,51.6375122,51.43665,51.48645,51.798584,51.7275467,52.050663,51.4492264,52.1010132,51.7215347,49.5653458,50.37606,48.5014877,48.8713455,48.42058,48.42058,23.8434753,48.2892532,1.01698685,1.3561914,7,10,4,1,5,7,7,7,7,7.2,7.005364,7.33333349,7.082231,7,6.915019,6.5333333,6.734051,6.7,6.819307,6.7,6.61435175,6.33333349,6.510023,6.4666667,6.392451,66.66667,65.68944,0.13724947,-0.0009292497,-0.33920455,0.138178721,true
16-03-2016,51.63,51.63,50.91,51.3,21052300,51.8519974,51.7662659,51.6733131,51.5929031,51.95287,51.8433952,52.067997,51.4591141,52.20101,51.7974319,49.3436775,50.3068237,48.4356575,48.78631,48.3764153,48.3764153,20.9964371,56.4378433,1.12487411,1.43000793,7,10,4,4,14,7,7,7,7,6.6,7.00804567,7.33333349,7.164462,6.714286,6.886692,6.4666667,6.69605875,6.6,6.779153,6.66666651,6.587755,6.33333349,6.493414,6.45555544,6.378798,66.66667,65.36369,0.125590324,-0.006427076,-0.30513382,0.1320174,false
15-03-2016,51.75,51.83,50.98,51.63,12887600,51.9819946,51.9994,51.97998,51.8858032,52.2385826,52.02453,52.0826645,51.4818459,52.35601,51.90797,49.07201,50.238327,48.37299,48.7011,48.3321152,48.3321152,50.1319542,68.25165,1.254364,1.49587965,8,10,5,3,11,8,8,8,8,7,7.01206827,7.33333349,7.328924,6.428571,6.84892273,6.4,6.65263844,6.7,6.730076,6.7,6.55932474,6.3,6.47624159,6.45555544,6.3648386,77.77778,64.92937,0.108882427,-0.024663873,-0.241515636,0.1335463,false
14-03-2016,52.24,52.41,51.74,52.09,7407200,52.14799,52.1841,52.10998,52.1416054,52.3857231,52.1560364,52.002,51.4606819,52.40401,51.96974,48.88801,50.14235,48.31366,48.6018143,48.28138,48.28138,62.2691345,74.29155,1.367794,1.540245,7,10,4,4,9,7,7,7,7,6.4,6.518102,6,6.65784836,6.428571,6.46523,6.4666667,6.46015835,6.2,6.44787025,6.5666666,6.45996761,6.3,6.42458868,6.44444466,6.32809353,66.66667,60.64657,-0.0158452988,-0.0362687632,-0.172451019,0.0204234645,false
13-03-2016,0,0,0,0,0,0,52.23115,0,52.19321,0,52.17805,0,51.37078,0,51.9430161,0,50.00803,0,48.48357,0,48.22187,0,78.29902,1.44584274,1.57200706,7,9,4,2,4,7,7,7,7,6,6.277153,6.66666651,6.31569624,6.285714,6.286973,6.5333333,6.383038,6.1,6.325175,6.5,6.42272425,6.266667,6.405083,6.411111,6.31299448,66.66667,58.6398659,-0.07299423,-0.05055327,-0.126164317,-0.0224409625,false
12-03-2016,0,0,0,0,0,0,52.23115,0,52.19321,0,52.17805,0,51.37078,0,51.9430161,0,50.00803,0,48.48357,0,48.22187,0,78.29902,1.44584274,1.59509706,4,9,1,1,3,4,4,4,4,6.2,5.91572952,6,5.63139248,6.428571,6.04929733,6.5333333,6.29490042,6.2,6.175214,6.4666667,6.382912,6.266667,6.38491631,6.35555553,6.297556,33.3333359,55.9642639,-0.144875526,-0.0227976367,-0.149254322,-0.12207789,true
11-03-2016,52.59,52.64,51.89,52.22,11404300,52.38999,52.23115,52.0633125,52.19321,52.4271545,52.17805,51.947998,51.37078,52.27401,51.9430161,48.66301,50.00803,48.2458267,48.48357,48.22187,48.22187,65.699234,78.29902,1.44584274,1.61366868,9,10,8,1,4,9,9,9,9,6.6,6.87359428,6.33333349,7.262785,6.285714,6.7323966,6.66666651,6.622743,6.4,6.65859461,6.5666666,6.54725075,6.3166666,6.46576071,6.37777758,6.34918642,88.88889,63.5079041,0.07094002,0.0242733955,-0.167825937,0.0466666222,false
10-03-2016,51.91,52.37,51.17,52.02,9539100,52.47799,52.2367249,52.1433144,52.16642,52.5171547,52.1640663,51.7613335,51.2494659,52.2140121,51.8814659,48.3753433,49.85548,48.1559944,48.35691,48.15841,48.15841,68.48741,82.49895,1.51119232,1.62703371,5,9,2,3,13,5,5,5,5,6.4,5.81039143,6,5.52556944,5.857143,5.97652864,6.5333333,6.283135,6.1,6.1382823,6.5,6.37809563,6.266667,6.379854,6.34444427,6.28961754,44.4444466,55.0475731,-0.163723946,0.038747523,-0.115841389,-0.202471465,false
09-03-2016,52.41,52.52,51.74,51.95,13964500,52.5499954,52.34509,52.56998,52.3128357,52.53001,52.21209,51.56533,51.13939,52.1760139,51.85068,48.2256737,49.7062035,48.0799942,48.23274,48.0961227,48.0961227,71.45455,87.16946,1.59298325,1.61864388,5,8,2,4,15,5,5,5,5,6,6.215587,6.33333349,6.051139,6.285714,6.302038,6.66666651,6.46643972,6.5,6.391234,6.5333333,6.473137,6.266667,6.426629,6.33333349,6.318598,44.4444466,58.5819473,-0.053586483,0.09059758,-0.025660634,-0.144184053,true
08-03-2016,52.89,53.21,51.98,52.46,11684300,52.7299919,52.5426331,52.8066521,52.6756668,52.364296,52.2994537,51.32933,51.0235863,52.1330147,51.82861,48.1113434,49.55146,48.0236626,48.10673,48.0329475,48.0329475,83.71734,92.40776,1.68133545,1.58871841,8,10,5,4,14,8,8,8,8,6.2,6.823381,7.33333349,7.10227776,6.428571,6.73605061,6.733333,6.675931,6.8,6.700397,6.6,6.574733,6.2833333,6.47498941,6.35555553,6.34822941,77.77778,63.294445,0.08776903,0.144146234,0.0926170349,-0.0563772023,false
07-03-2016,52.44,53.52,52.36,53.3,10171500,52.6599922,52.58395,52.7799873,52.8913345,52.244297,52.24594,50.9473267,50.8183861,51.92901,51.6883,47.9486771,49.350872,47.9591637,47.9591637,47.9591637,47.9591637,97.29063,95.3045654,1.71772,1.5458827,6,10,2,9,18,6,6,6,6,6.2,6.23507166,5.66666651,6.20455551,6.142857,6.31473446,6.733333,6.48677826,6.7,6.4115963,6.5333333,6.47643852,6.2833333,6.423294,6.311111,6.311111,55.5555573,58.4666672,-0.03854084,0.1651446,0.17183733,-0.203685448,true
06-03-2016,0,0,0,0,0,0,52.2259254,0,52.4826736,0,51.89459,0,50.46387,0,51.3301468,0,49.0785179,0,47.86864,0,47.86864,0,94.64255,1.65365219,1.49900436,8,10,5,5,8,8,8,8,8,6.2,6.35260725,5.66666651,6.4091115,6.571429,6.419646,6.866667,6.55631828,6.7,6.50306225,6.5333333,6.50929642,6.3,6.437643,6.31460667,6.31460667,77.77778,59.4370346,0.00443840027,0.189544037,0.154647827,-0.185105637,false
05-03-2016,0,0,0,0,0,0,52.2259254,0,52.4826736,0,51.89459,0,50.46387,0,51.3301468,0,49.0785179,0,47.86864,0,47.86864,0,94.64255,1.65365219,1.45924461,3,5,1,3,5,3,3,3,3,5.8,5.528911,5.66666651,4.818223,6.571429,5.892861,6.66666651,6.350078,6.6,6.170409,6.4333334,6.40648937,6.2833333,6.3846817,6.2954545,6.2954545,22.2222233,53.323452,-0.144405842,0.206616461,0.194407582,-0.3510223,true
04-03-2016,52.33,52.9,51.9,52.66,12770300,52.1579971,52.2259254,52.62999,52.4826736,52.00716,51.89459,50.3646622,50.46387,51.72701,51.3301468,47.77434,49.0785179,47.86864,47.86864,47.86864,47.86864,96.7676849,94.64255,1.65365219,1.4040519,6,9,3,4,16,6,6,6,6,7,6.793367,6.66666651,6.636446,7.142857,6.85714769,6.9333334,6.82866049,7,6.87494469,6.4666667,6.64141941,6.35,6.499417,6.33333349,6.33333349,50,63.69053,0.17680645,0.24802801,0.249600291,-0.07122156,true
03-03-2016,52.45,52.81,51.86,52.38,12365200,51.9499931,52.00889,52.4466553,52.3053436,51.8443,51.63945,49.72066,50.15014,51.4030075,51.0346222,47.58734,48.83152,47.7860336,47.7860336,47.7860336,47.7860336,94.41342,93.93417,1.61298752,1.32706535,8,10,5,5,19,8,8,8,8,7.4,7.1900506,6.66666651,7.27289152,7.142857,7.14286375,6.866667,6.94704056,7,7.069377,6.4666667,6.685655,6.366667,6.516346,6.337209,6.337209,77.77778,68.2540359,0.278763771,0.252024025,0.28592217,0.0267397463,false
02-03-2016,52.39,52.98,52.24,52.85,15664800,51.8019943,51.82333,51.9166565,52.2306824,51.5642967,51.3926,49.0926628,49.83159,51.07301,50.73565,47.37234,48.5867958,47.7054367,47.7054367,47.7054367,47.7054367,98.78956,93.77443,1.56612778,1.22658491,6,9,3,9,30,6,6,6,6,7.2,6.78507566,7,6.545783,7,6.85715151,6.866667,6.796618,7,6.86257172,6.4333334,6.59501076,6.35,6.46605253,6.317647,6.317647,55.5555573,65.07945,0.201207161,0.242145434,0.339542866,-0.0409382731,true
01-03-2016,51.08,52.11,51.06,52.11,11977400,51.536,51.3099976,51.5066528,51.6113663,51.3400078,50.9068,48.4766655,49.4003868,50.62901,50.2657928,47.14701,48.29278,47.6135674,47.6135674,47.6135674,47.6135674,100,92.10272,1.4356842,1.10685682,6,9,3,7,26,6,6,6,6,7.2,7.17761326,7.66666651,7.09156561,7.142857,7.14286852,6.866667,6.91042042,7.2,7.05425453,6.5,6.636046,6.366667,6.481851,6.321429,6.321429,55.5555573,68.25409,0.30292654,0.24864091,0.328827381,0.05428563,true
29-02-2016,51.17,51.53,50.71,50.79,12127300,51.197998,50.909996,51.349987,51.1127357,50.9557266,50.5057335,47.9286652,49.013298,50.09101,49.85597,46.93734,48.0295258,47.5318146,47.5318146,47.5318146,47.5318146,87.60246,89.4703,1.32365417,0.9598906,9,10,7,8,8,9,9,9,9,7.4,7.76642,8,8.183131,7.142857,7.52382469,7,7.04048061,7.1,7.288533,6.5,6.679911,6.383333,6.498185,6.325301,6.325301,88.88889,72.48694,0.4283514,0.230688632,0.363763571,0.197662771,false
28-02-2016,0,0,0,0,0,0,50.9699936,0,51.43547,0,50.4109764,0,48.7594833,0,49.648407,0,47.83915,0,47.4714775,0,47.4714775,0,90.09291,1.29581451,0.82537204,8,10,5,7,9,8,8,8,8,7,7.14963,7,7.366263,7,7.031766,6.66666651,6.76054955,6.9,6.908207,6.4,6.519905,6.33333349,6.413378,6.292683,6.292683,77.77778,67.0196152,0.276754379,0.181793272,0.470442474,0.09496111,false
27-02-2016,0,0,0,0,0,0,50.9699936,0,51.43547,0,50.4109764,0,48.7594833,0,49.648407,0,47.83915,0,47.4714775,0,47.4714775,0,90.09291,1.29581451,0.693946838,7,9,4,5,10,7,7,7,7,6.6,6.724445,6.66666651,6.732526,7,6.70902157,6.4666667,6.583485,6.6,6.66558647,6.33333349,6.41782951,6.3166666,6.359594,6.271605,6.271605,66.66667,63.4335632,0.181054115,0.161993191,0.6018677,0.0190609246,false
26-02-2016,52,52,51.22,51.62,9528400,51.2959976,50.9699936,51.5933228,51.43547,50.7114372,50.4109764,47.4773369,48.7594833,49.46801,49.648407,46.83534,47.83915,47.4714775,47.4714775,47.4714775,47.4714775,96.1065445,90.09291,1.29581451,0.5301166,6,9,2,2,14,6,6,6,6,6.8,6.58666754,6.66666651,6.465051,6.714286,6.612029,6.4,6.523983,6.7,6.59127235,6.266667,6.37768,6.3166666,6.33788538,6.2625,6.2625,55.5555573,62.3558578,0.158090115,0.145677879,0.7656979,0.0124122351,false
25-02-2016,51.5,51.79,50.9,51.64,8352400,50.8559952,50.64499,51.193325,51.25094,50.25287,50.00797,47.08,48.3508377,48.60601,49.2102776,46.65134,47.5784,47.3932,47.3932,47.3932,47.3932,98.429306,88.08837,1.15691757,0.329060882,7,10,4,3,17,7,7,7,7,7.2,6.880001,6.66666651,6.93010235,6.857143,6.816039,6.4666667,6.598838,6.7,6.72266626,6.233333,6.40372658,6.3166666,6.349339,6.265823,6.265823,66.66667,64.62263,0.228298187,0.145360947,0.82785666,0.08293724,true
24-02-2016,50,51.66,49.73,51.52,10966600,50.343998,50.1474838,51.0733223,50.8618774,49.55144,49.46396,46.61933,47.88096,47.73801,48.6703377,46.48067,47.29829,47.31153,47.31153,47.31153,47.31153,98.51381,84.6413956,0.960773468,0.104334936,7,10,4,5,30,7,7,7,7,6.8,6.8200016,7,6.8602047,6.571429,6.754719,6.4666667,6.5415287,6.8,6.66103649,6.233333,6.362604,6.33333349,6.327283,6.25641,6.25641,66.66667,63.9412766,0.212770462,0.120215841,0.8564385,0.09255462,true
23-02-2016,51,51,50.11,50.42,9358700,49.7219963,49.4612236,50.37332,50.20375,48.5571556,48.77861,46.0613327,47.3610954,46.94701,48.03708,46.2990036,47.0071373,47.2290154,47.2290154,47.2290154,47.2290154,90.3867,80.01726,0.70866394,-0.1281022,6,10,2,5,26,6,6,6,6,6.8,6.7300024,7.33333349,6.72041,6.714286,6.67295837,6.4,6.47603273,6.5,6.585711,6.16666651,6.318646,6.35,6.304479,6.246753,6.246753,55.5555573,63.032814,0.189856529,0.0976861343,0.8367661,0.092170395,false
22-02-2016,50.08,51.29,50.07,51.28,16793600,48.9839973,48.9818344,49.9266548,49.9875031,47.4971581,48.2314835,45.774,46.92411,46.294014,47.50754,46.1476669,46.7717667,47.1651955,47.1651955,47.1651955,47.1651955,99.88948,76.5607758,0.488574982,-0.332527161,8,10,5,10,32,8,8,8,8,6.6,7.0950036,7,7.44081974,6.714286,6.897278,6.4666667,6.54403734,6.4,6.715869,6.233333,6.34062147,6.35,6.31480026,6.25,6.25,77.77778,65.52523,0.259666443,0.0561960526,0.821102142,0.2034704,true
21-02-2016,0,0,0,0,0,0,47.8327522,0,48.69501,0,47.21531,0,46.30184,0,46.66922,0,46.4608536,0,47.08122,0,47.08122,0,68.7845459,0.112987518,-0.5124978,8,10,5,8,26,8,8,8,8,6.6,6.642505,6.66666651,6.88163948,6.714286,6.529704,6.33333349,6.336043,6.2,6.43050671,6.133333,6.22618151,6.33333349,6.25767469,6.22666645,6.22666645,77.77778,61.4410439,0.141355991,0.02504852,0.6254853,0.116307467,false
20-02-2016,0,0,0,0,0,0,47.8327522,0,48.69501,0,47.21531,0,46.30184,0,46.66922,0,46.4608536,0,47.08122,0,47.08122,0,68.7845459,0.112987518,-0.6507365,5,9,2,5,13,5,5,5,5,6.2,5.963758,5.66666651,5.763279,6.142857,6.039605,6.2,6.098335,6.1,6.08173037,6.1,6.10384941,6.33333349,6.19861269,6.20270252,6.20270252,44.4444466,55.9954643,-0.0117068291,0.0188680217,0.763724,-0.03057485,true
19-02-2016,49.04,50.04,48.76,49.42,16196800,47.6399956,47.8327522,48.96999,48.69501,46.3085861,47.21531,45.378,46.30184,45.5680122,46.66922,45.9763336,46.4608536,47.08122,47.08122,47.08122,47.08122,92.05125,68.7845459,0.112987518,-0.8002565,7,10,4,5,31,7,7,7,7,6.8,6.445637,6.66666651,6.526558,6.142857,6.38614035,6.2,6.25524,6.3,6.322115,6.1,6.179977,6.4,6.23924351,6.219178,6.219178,66.66667,59.8458023,0.09855366,0.033331234,0.913244,0.06522243,true
18-02-2016,48.41,49.31,48.02,49.08,13173100,46.3559952,47.0391273,48.0733223,47.9700241,45.4785843,46.4804153,44.9893341,45.85639,45.19201,46.0579338,45.9503326,46.2567749,47.0324974,47.0324974,47.0324974,47.0324974,96.7468262,61.0289841,-0.178657532,-0.944535136,5,9,1,3,20,5,5,5,5,6.2,6.1684556,6.33333349,6.053116,6,6.18152046,6,6.14884567,6.2,6.171474,6,6.12342358,6.383333,6.213455,6.20833349,6.20833349,44.4444466,57.57218,0.034216404,0.0286805369,0.7658776,0.005535867,false
17-02-2016,47.05,48.53,47.01,48.41,14868200,45.1319962,46.018692,46.5666542,46.8600464,44.7371521,45.613884,44.8859978,45.395874,44.75701,45.386364,45.9523354,46.06207,46.98893,46.98893,46.98893,46.98893,97.31858,49.1230354,-0.513687134,-1.04734969,8,10,5,2,14,8,8,8,8,6.2,6.75268364,7.33333349,7.106231,6.285714,6.5753603,6.0666666,6.31296635,6.4,6.431802,6,6.200901,6.4,6.254589,6.22535229,6.22535229,77.77778,61.9480934,0.155237675,0.0223274231,0.533662558,0.132910252,true
16-02-2016,45.6,46.83,45.4,46.73,13832500,44.1719933,44.8230362,44.76332,45.3100967,44.11001,44.6818466,44.8933334,44.9652824,44.23101,44.714447,46.0093346,45.9001427,46.95804,46.95804,46.95804,46.95804,67.92738,33.0578537,-0.865615845,-1.10694587,6,9,2,3,17,6,6,6,6,5.8,6.12902546,6,6.21246243,6.142857,6.10048,6,6.0719614,6.2,6.083313,5.9666667,6.076825,6.35,6.19542265,6.2,6.2,55.5555573,56.67153,0.00199222565,0.00258058961,0.241330028,-0.000588363968,true
15-02-2016,0,0,0,0,0,0,43.8695526,0,43.89019,0,43.99913,0,44.71318,0,44.26655,0,45.84291,0,46.9631081,0,46.9631081,0,21.434679,-1.13116074,-1.12126029,8,10,4,3,7,8,8,8,8,6,6.193538,5.66666651,6.42492437,6.142857,6.133973,6.133333,6.08224154,6.2,6.101827,6,6.08212328,6.35,6.20204735,6.2028985,6.2028985,77.77778,57.0435257,0.01000309,-0.011347983,-0.009900451,0.0213510729,false
14-02-2016,0,0,0,0,0,0,43.8695526,0,43.89019,0,43.99913,0,44.71318,0,44.26655,0,45.84291,0,46.9631081,0,46.9631081,0,21.434679,-1.13116074,-1.1060698,4,7,1,2,4,4,4,4,4,5.8,5.29030752,5,4.84984875,6,5.511964,6,5.808276,5.9,5.680011,5.9,5.949856,6.33333349,6.1411,6.17647076,6.17647076,33.3333359,50.13211,-0.183554173,-0.0289609171,-0.0250909328,-0.154593259,true
13-02-2016,0,0,0,0,0,0,43.8695526,0,43.89019,0,43.99913,0,44.71318,0,44.26655,0,45.84291,0,46.9631081,0,46.9631081,0,21.434679,-1.13116074,-1.0908792,5,9,2,1,7,5,5,5,5,6.2,5.93546152,6,5.69969749,6.285714,6.01595163,6.133333,6.06660128,5.9,6.05334663,6.0333333,6.08432865,6.383333,6.21368,6.20895529,6.20895529,44.4444466,55.7317047,-0.0206613541,-0.0283939037,-0.0402815342,0.00773254968,true
12-02-2016,43.35,44.76,43.08,44.56,11696500,43.6039963,43.8695526,43.5066528,43.89019,43.95715,43.99913,44.9500046,44.71318,44.1690063,44.26655,46.118,45.84291,46.9631081,46.9631081,46.9631081,46.9631081,35.0983467,21.434679,-1.13116074,-1.06766593,6,10,2,0,4,6,6,6,6,6.6,6.40319252,6.66666651,6.39939451,6.428571,6.35460234,6.2,6.21897268,6,6.28742361,6.0333333,6.15911,6.366667,6.2548213,6.22727251,6.22727251,55.5555573,59.4941254,0.08573151,-0.0385703519,-0.0634948,0.124301858,true
11-02-2016,42.51,43.29,42.24,43,12537700,43.4959946,43.5243263,43.1899872,43.2203827,43.9814377,43.8121719,45.1840057,44.7350655,44.2470055,44.2013359,46.313,45.93139,47.0177231,47.0177231,47.0177231,47.0177231,11.49771,16.8801231,-1.23269272,-1.05127585,7,10,4,2,13,7,7,7,7,6.6,6.604789,6.66666651,6.798789,6.285714,6.472803,6.133333,6.25025463,6.1,6.35129547,6.0666666,6.170083,6.3,6.263459,6.230769,6.230769,66.66667,60.8069839,0.118462086,-0.03968509,-0.181416869,0.158147171,true
10-02-2016,44,44.52,42.9,42.96,10044600,44.0279961,43.7864876,43.4866524,43.44077,44.0028648,44.0828934,45.4540024,44.982933,44.3060074,44.4683,46.57567,46.1335526,47.11116,47.11116,47.11116,47.11116,2.15942383,18.6742611,-1.18552017,-1.02020216,7,10,2,1,8,7,7,7,7,6.4,6.407183,6.66666651,6.597578,5.857143,6.297071,6,6.143148,6.2,6.207139,6.0666666,6.11284733,6.2833333,6.23849154,6.21875,6.21875,66.66667,58.853756,0.05669737,-0.04053063,-0.165318012,0.097228,false
09-02-2016,43.65,44.06,43.17,43.61,10339800,44.3819962,44.19973,43.8399925,43.92154,44.45286,44.45719,45.652,45.2719231,44.76301,44.80348,46.7963333,46.352417,47.21,47.21,47.21,47.21,12.9567986,24.1792068,-1.10398865,-0.9706128,6,10,3,1,8,6,6,6,6,6,6.110775,6.33333349,6.195156,5.714286,6.06276131,6,6.02074051,6.1,6.03094769,6.0333333,6.05166435,6.266667,6.21267748,6.20634937,6.20634937,55.5555573,56.24945,-0.0229616165,-0.0410203934,-0.133375823,0.0180587769,false
08-02-2016,43.51,44.16,42.83,43.89,12799000,44.2899971,44.4945946,44.5233269,44.233078,44.7000046,44.73959,45.817337,45.5093422,45.2540054,45.0686951,46.9943352,46.54155,47.2978058,47.2978058,47.2978058,47.2978058,17.6079426,27.92001,-1.05005264,-0.9320518,7,10,4,5,14,7,7,7,7,5.6,6.16616249,6.33333349,6.390312,5.857143,6.08368158,5.9333334,6.02370358,6.1,6.037825,6,6.05522728,6.233333,6.219887,6.209677,6.209677,66.66667,56.48075,-0.0224838257,-0.0523620173,-0.118000865,0.0298781916,true
07-02-2016,0,0,0,0,0,0,44.7968941,0,44.5761528,0,45.0227852,0,45.7406769,0,45.3306274,0,46.7244148,0,47.383,0,47.383,0,31.3573666,-0.9944458,-0.899483562,6,9,2,3,6,6,6,6,6,5.4,5.74924374,5.66666651,5.78062439,6,5.778242,6,5.88423252,6,5.82400846,5.9666667,5.99007034,6.233333,6.19344234,6.196721,6.196721,55.5555573,53.08544,-0.123364925,-0.06607638,-0.09496224,-0.0572885424,false
06-02-2016,0,0,0,0,0,0,44.7968941,0,44.5761528,0,45.0227852,0,45.7406769,0,45.3306274,0,46.7244148,0,47.383,0,47.383,0,31.3573666,-0.9944458,-0.8730939,6,10,3,2,11,6,6,6,6,5.6,5.6238656,5,5.5612483,6,5.704323,5.9333334,5.86769438,5.9,5.784899,6.0333333,5.9893856,6.2,6.2,6.2,6.2,55.5555573,52.26207,-0.148513317,-0.07130665,-0.1213519,-0.0772066638,false
05-02-2016,45.45,45.6,43.77,44.02,10709800,44.7339973,44.7968941,44.8033257,44.5761528,44.6571426,45.0227852,45.946003,45.7406769,45.623,45.3306274,47.1660042,46.7244148,47.383,47.383,47.383,47.383,19.0954762,31.3573666,-0.9944458,-0.8392834,5,10,1,1,9,5,5,5,5,6,5.43579865,5,5.1224966,6,5.60576344,6,5.84879351,5.8,5.737099,6.0666666,5.98865366,6.20338964,6.20338964,6.20338964,6.20338964,44.4444466,51.164238,-0.178451061,-0.0769452,-0.1551624,-0.101505861,true
04-02-2016,44.62,45.76,44.38,45.66,10798900,44.9979935,45.18534,44.5133247,45.1323051,45.1585732,45.357048,46.1933365,45.98649,46.0280037,45.6218758,47.3343353,46.9109268,47.46923,47.46923,47.46923,47.46923,46.5661659,35.444664,-0.9222412,-0.7750876,4,8,1,4,26,4,4,4,4,6.2,5.653698,5.66666651,5.244993,6.142857,5.807685,6,5.97005,6,5.900899,6.133333,6.05683661,6.224138,6.224138,6.224138,6.224138,33.3333359,53.4041672,-0.112249374,-0.07170974,-0.147153616,-0.0405396372,false
03-02-2016,43.6,45,43.31,44.73,16733600,44.583992,44.9480133,44.6633263,44.60461,45.5671425,45.25606,46.2226677,46.03313,46.167,45.6134033,47.4376678,46.9971962,47.5168381,47.5168381,47.5168381,47.5168381,30.9882641,31.7374954,-0.9836502,-0.7240321,6,10,2,2,11,6,6,6,6,6.6,6.480547,7,6.48998642,6.285714,6.41024637,6,6.251486,6.1,6.323321,6.233333,6.19868755,6.263158,6.263158,6.263158,6.263158,55.5555573,60.0944443,0.07569885,-0.06398434,-0.2596181,0.139683187,true
02-02-2016,45.18,45.4,42.88,43.15,21079700,45.1439934,45.0570221,44.8666573,44.47922,45.97428,45.4314156,46.3420029,46.21929,46.287,45.8097153,47.527668,47.153553,47.59216,47.59216,47.59216,47.59216,4.52262259,31.98724,-0.953029633,-0.683137655,7,10,3,1,9,7,7,7,7,6.6,6.72082043,7,6.979973,6.142857,6.546995,5.9333334,6.28741264,6.3,6.39516973,6.266667,6.21239,6.267857,6.267857,6.267857,6.267857,66.66667,61.6074066,0.110852242,-0.08713261,-0.269891977,0.197984844,false
01-02-2016,44.71,46.41,44.39,46.11,13120400,46.2179947,46.0105324,45.01332,45.80844,46.6771431,46.1918869,46.53667,46.65776,46.581,46.4007645,47.6740036,47.42966,47.7155533,47.7155533,47.7155533,47.7155533,49.0706444,41.1421127,-0.739215851,-0.6556947,8,10,5,5,12,8,8,8,8,6.2,6.58123064,6.66666651,6.959945,6.142857,6.395993,5.9333334,6.18561459,6.1,6.260763,6.266667,6.158072,6.25454569,6.25454569,6.25454569,6.25454569,77.77778,59.9209862,0.0522894859,-0.104097739,-0.08352113,0.156387225,true
31-01-2016,0,0,0,0,0,0,45.9608,0,45.50688,0,46.21918,0,46.73601,0,46.4653778,0,47.52067,0,47.761425,0,47.761425,0,38.4992676,-0.756938934,-0.6520089,6,9,3,4,6,6,6,6,6,5.6,5.87184572,6,5.9198904,5.714286,5.86132431,5.866667,5.926417,6,5.874266,6.233333,6.03104258,6.22222233,6.22222233,6.22222233,6.22222233,55.5555573,53.9687233,-0.12503624,-0.135550335,-0.104930043,0.0105140954,false
30-01-2016,0,0,0,0,0,0,45.9608,0,45.50688,0,46.21918,0,46.73601,0,46.4653778,0,47.52067,0,47.761425,0,47.761425,0,38.4992676,-0.756938934,-0.646353841,6,10,3,3,11,6,6,6,6,5.8,5.80776834,5.66666651,5.839781,6,5.815099,5.8,5.915905,5.9,5.8463254,6.266667,6.03318357,6.226415,6.226415,6.226415,6.226415,55.5555573,53.4397774,-0.145913124,-0.139784232,-0.110585093,-0.0061288923,false
29-01-2016,44.05,45.35,43.67,45.34,24039200,46.5119934,45.9608,45.4866524,45.50688,46.8114281,46.21918,46.52134,46.73601,46.552,46.4653778,47.7393341,47.52067,47.761425,47.761425,47.761425,47.761425,34.75836,38.4992676,-0.756938934,-0.6579272,6,10,3,3,18,6,6,6,6,5.6,5.71165276,5.33333349,5.67956161,5.857143,5.753465,5.9333334,5.90389156,5.7,5.81217575,6.266667,6.035472,6.230769,6.230769,6.230769,6.230769,55.5555573,52.7345161,-0.170437336,-0.154468119,-0.09901172,-0.0159692168,true
28-01-2016,45.8,45.82,43.47,43.59,27935200,47.05799,46.2712,46.5466576,45.6737633,46.8957138,46.51224,46.57467,46.93544,46.791,46.71546,47.82867,47.6710625,47.8326454,47.8326454,47.8326454,47.8326454,2.23046446,39.74624,-0.6901512,-0.6785592,5,9,1,9,53,5,5,5,5,6,5.567479,5.66666651,5.35912275,6,5.671287,5.866667,5.890162,5.6,5.770437,6.3,6.037918,6.23529434,6.23529434,6.23529434,6.23529434,44.4444466,51.79417,-0.199260235,-0.159650117,-0.0115920305,-0.0396101177,true
27-01-2016,48,48.58,47.16,47.53,12305000,47.7499924,47.6117973,47.87666,47.7575264,47.2528572,47.48632,46.911335,47.41336,47.042,47.4100075,47.93667,47.9525146,47.9612122,47.9612122,47.9612122,47.9612122,70.40359,52.2514954,-0.4166832,-0.7039803,5,9,1,3,21,5,5,5,5,6,5.8512187,5.66666651,5.71824551,6,5.89504957,6,6.017328,5.8,5.941645,6.366667,6.1094985,6.26,6.26,6.26,6.26,44.4444466,54.24408,-0.131331921,-0.141315728,0.28729713,0.009983808,true
26-01-2016,47.6,48.85,47.52,48.52,9273400,47.4299927,47.6526947,48.05666,47.985054,47.00857,47.47176,47.01867,47.396698,46.941,47.3833427,47.9343338,47.9816551,47.9746857,47.9746857,47.9746857,47.9746857,66.50566,46.200798,-0.462741852,-0.756752431,7,10,3,2,14,7,7,7,7,6.4,6.276828,6.66666651,6.436491,5.857143,6.19339943,6.133333,6.16266,6,6.15089941,6.4,6.18601561,6.285714,6.285714,6.285714,6.285714,66.66667,57.5106239,-0.0427207947,-0.115858875,0.29401058,0.07313808,true
25-01-2016,47.97,48.39,47.52,47.58,9365800,46.9439926,47.2190437,47.56666,47.4501076,46.8957176,47.122345,47.12533,47.2362251,46.696003,47.1307526,47.935997,47.9445267,47.9570961,47.9570961,47.9570961,47.9570961,51.36881,39.43251,-0.6156006,-0.8044069,5,8,1,4,12,5,5,5,5,6,5.91524172,6,5.872982,5.571429,5.924533,6.0666666,6.04304028,5.8,5.96221066,6.4333334,6.129879,6.27083349,6.27083349,6.27083349,6.27083349,44.4444466,54.4586067,-0.1326356,-0.104307652,0.1888063,-0.0283279419,true
24-01-2016,0,0,0,0,0,0,47.0385628,0,47.3202133,0,46.9697952,0,47.1871147,0,47.03092,0,47.9696655,0,47.9696655,0,47.9696655,0,35.4537468,-0.706043243,-0.835077047,8,10,5,3,6,8,8,8,8,5.8,6.372863,6.66666651,6.745964,5.857143,6.232711,6.0666666,6.192046,6.1,6.1760354,6.5333333,6.207802,6.29787254,6.29787254,6.29787254,6.29787254,77.77778,57.79666,-0.0418338776,-0.08804687,0.1290338,0.0462129936,false
23-01-2016,0,0,0,0,0,0,47.0385628,0,47.3202133,0,46.9697952,0,47.1871147,0,47.03092,0,47.9696655,0,47.9696655,0,47.9696655,0,35.4537468,-0.706043243,-0.855698049,5,9,1,3,8,5,5,5,5,5.2,5.559294,5.66666651,5.491928,5.714286,5.643615,5.9333334,5.93376732,5.8,5.77071,6.4666667,6.084202,6.2608695,6.2608695,6.2608695,6.2608695,44.4444466,51.13629,-0.230783939,-0.06601148,0.1496548,-0.164772451,true
22-01-2016,47.81,48.28,47.44,48.07,12154900,46.59199,47.0385628,47.0166626,47.3202133,46.68429,46.9697952,47.286,47.1871147,46.526,47.03092,47.9696655,47.9696655,47.9696655,47.9696655,47.9696655,47.9696655,59.25927,35.4537468,-0.706043243,-0.857586741,7,10,4,3,19,7,7,7,7,5.6,5.838941,5.33333349,5.983856,5.714286,5.858153,6.133333,6.06716251,6,5.941979,6.5333333,6.158974,6.288889,6.288889,6.288889,6.288889,66.66667,53.36691,-0.163141251,-0.03692611,0.1515435,-0.126215145,true
21-01-2016,46.36,47.44,45.71,47.05,12913700,46.52399,46.5228424,46.3566628,46.5704269,46.46286,46.6030579,47.4419975,47.06099,46.333,46.80001,47.96621,47.96621,47.96621,47.96621,47.96621,47.96621,38.7755051,27.5185738,-0.861099243,-0.8660592,5,8,1,2,13,5,5,5,5,5.6,5.25841141,4.66666651,4.9677124,5.857143,5.477537,6.133333,5.9339,6,5.706863,6.5666666,6.100972,6.27272749,6.27272749,6.27272749,6.27272749,44.4444466,48.9336548,-0.278068066,0.0007344882,0.004959941,-0.278802544,false
20-01-2016,45.5,46.18,44.39,45.93,14761500,46.333992,46.2592659,45.9466667,46.09085,46.3228645,46.45408,47.69733,47.0625572,46.4920044,46.7444572,47.9989281,47.9989281,47.9989281,47.9989281,47.9989281,47.9989281,22.4489918,23.7662621,-0.942626953,-0.83980304,4,7,1,3,18,4,4,4,4,5.6,5.387617,5.33333349,4.93542433,5.857143,5.636716,6.266667,6.067314,6.1,5.86394358,6.7,6.17690134,6.30232573,6.30232573,6.30232573,6.30232573,33.3333359,50.4300575,-0.217075348,0.0487924144,-0.102823913,-0.26586777,false
19-01-2016,46.5,46.58,45.47,46.09,12680000,46.45199,46.4239,46.5466652,46.2517,46.3157234,46.6287727,47.9406662,47.22435,46.8130035,46.9254456,48.0755539,48.0755539,48.0755539,48.0755539,48.0755539,48.0755539,15.6862621,24.20535,-0.9189415,-0.7892185,5,9,2,2,15,5,5,5,5,6.4,6.08142567,6.33333349,5.87084866,6.285714,6.18228769,6.4666667,6.36264467,6.2,6.27815342,6.766667,6.32703257,6.357143,6.357143,6.357143,6.357143,44.4444466,56.1289635,-0.0342507362,0.08679581,-0.129723012,-0.121046543,true
18-01-2016,0,0,0,0,0,0,46.59085,0,46.4134064,0,46.8083649,0,47.3864,0,47.1111,0,48.15192,0,48.15192,0,48.15192,0,27.0450478,-0.8916321,-0.7157046,7,10,4,6,20,7,7,7,7,6.4,6.6221385,6.33333349,6.74169731,6.571429,6.57638359,6.6,6.557308,6.3,6.56218767,6.8,6.418552,6.390244,6.390244,6.390244,6.390244,66.66667,60.0238037,0.09777975,0.111413158,-0.17592746,-0.0136334077,false
17-01-2016,0,0,0,0,0,0,46.59085,0,46.4134064,0,46.8083649,0,47.3864,0,47.1111,0,48.15192,0,48.15192,0,48.15192,0,27.0450478,-0.8916321,-0.6452251,7,10,4,4,13,7,7,7,7,6.4,6.433208,6.66666651,6.48339462,6.428571,6.435178,6.6,6.494066,6.4,6.464896,6.733333,6.3784523,6.375,6.375,6.375,6.375,66.66667,57.8095131,0.0612401962,0.141213313,-0.246406972,-0.07997312,false
16-01-2016,0,0,0,0,0,0,46.59085,0,46.4134064,0,46.8083649,0,47.3864,0,47.1111,0,48.15192,0,48.15192,0,48.15192,0,27.0450478,-0.8916321,-0.5747456,5,9,1,2,4,5,5,5,5,6.4,6.149812,6,5.96678925,6.142857,6.24690342,6.6,6.42179,6.4,6.34598446,6.7,6.335587,6.35897446,6.35897446,6.35897446,6.35897446,44.4444466,54.85713,0.0137114525,0.188508242,-0.316886485,-0.17479679,true
15-01-2016,46.04,46.51,45.13,45.82,17273300,46.44799,46.59085,46.55,46.4134064,46.32287,46.8083649,48.17133,47.3864,47.2160034,47.1111,48.15192,48.15192,48.15192,48.15192,48.15192,48.15192,11.2744894,27.0450478,-0.8916321,-0.470246643,8,10,5,2,15,8,8,8,8,6.6,6.724718,6.66666651,6.933578,6.285714,6.66253757,6.733333,6.62490273,6.6,6.645092,6.766667,6.427696,6.394737,6.394737,6.394737,6.394737,75,58.328022,0.1564846,0.234818727,-0.421385437,-0.07833412,false
14-01-2016,46.21,48.01,45.84,47.73,21649400,46.45999,46.9762764,46.7833366,47.0068169,46.72572,47.1378174,48.385994,47.61017,47.6330032,47.39801,48.2452,48.2452,48.2452,48.2452,48.2452,48.2452,40.5405121,32.3019,-0.723041534,-0.328136027,5,9,2,6,34,5,5,5,5,6,6.087077,6.33333349,5.867156,6.285714,6.216717,6.6,6.42846,6.5,6.34400129,6.733333,6.31926155,6.35135126,6.35135126,6.35135126,6.35135126,37.5,52.7706947,0.0309844017,0.2678859,-0.3949055,-0.236901492,false
13-01-2016,47.22,47.97,46.07,46.1,17285100,46.14199,46.5994148,46.23,46.2836342,46.9271469,46.9404221,48.47533,47.5930519,47.901,47.324234,48.2666664,48.2666664,48.2666664,48.2666664,48.2666664,48.2666664,13.0067034,29.5556946,-0.7822952,-0.194325343,7,10,3,7,56,7,7,7,7,6.2,6.63061571,6.66666651,6.73431158,6.571429,6.6222887,6.733333,6.632526,6.7,6.64266825,6.7,6.410245,6.388889,6.388889,6.388889,6.388889,62.5,57.8609276,0.175804138,0.317508221,-0.5879699,-0.141704082,false
12-01-2016,46.45,46.68,45.62,46.52,9290700,46.6499939,46.84912,46.1566658,46.46727,47.50143,47.2205658,48.6526642,47.8063469,48.379,47.5962868,48.36087,48.36087,48.36087,48.36087,48.36087,48.36087,20.1013336,35.0720253,-0.624794,-0.04836146,7,10,4,1,9,7,7,7,7,6.4,6.44592333,6,6.468623,6.571429,6.49638462,6.733333,6.58002949,6.7,6.563261,6.5333333,6.369572,6.37142849,6.37142849,6.37142849,6.37142849,62.5,56.31457,0.154453278,0.353599757,-0.5764325,-0.199146479,true
11-01-2016,46.36,46.53,45.33,46.07,13624900,47.1739922,47.0136833,46.03,46.4145432,47.9971428,47.4540863,48.71333,47.9901123,48.685,47.83546,48.4445457,48.4445457,48.4445457,48.4445457,48.4445457,48.4445457,12.4999676,40.0622559,-0.487365723,0.07357873,6,10,2,3,14,6,6,6,6,6.4,6.16888475,5.66666651,5.937246,6.571429,6.32851267,6.66666651,6.520034,6.7,6.466208,6.5,6.326094,6.352941,6.352941,6.352941,6.352941,50,54.25276,0.124955177,0.3945224,-0.560944438,-0.269567221,false
10-01-2016,0,0,0,0,0,0,47.485527,0,46.7590828,0,47.91545,0,48.2644119,0,48.227787,0,48.55762,0,48.55762,0,48.55762,0,49.2496834,-0.2573166,0.18024911,5,8,2,2,6,5,5,5,5,6.6,6.25332737,6.33333349,5.87449169,6.714286,6.438017,6.8,6.594324,6.8,6.56981,6.5,6.348583,6.36363649,6.36363649,6.36363649,6.36363649,37.5,55.67035,0.18730545,0.437768251,-0.437565684,-0.2504628,true
09-01-2016,0,0,0,0,0,0,47.485527,0,46.7590828,0,47.91545,0,48.2644119,0,48.227787,0,48.55762,0,48.55762,0,48.55762,0,49.2496834,-0.2573166,0.26135847,6,10,2,2,7,6,6,6,6,7,6.879991,7,6.74898338,7,6.91735554,7,6.822085,6.9,6.918657,6.4666667,6.441589,6.40625,6.40625,6.40625,6.40625,50,61.7271347,0.3659811,0.472638458,-0.5186751,-0.106657356,false
08-01-2016,46.81,46.85,45.84,45.88,15285500,47.9839935,47.485527,46.88667,46.7590828,48.6171455,47.91545,48.81133,48.2644119,49.0329971,48.227787,48.55762,48.55762,48.55762,48.55762,48.55762,48.55762,0.739388466,49.2496834,-0.2573166,0.342467844,8,10,4,2,20,8,8,8,8,7.2,7.319987,7.33333349,7.49796629,7.142857,7.22314072,7,6.9395256,7,7.12280273,6.5,6.472043,6.419355,6.419355,6.419355,6.419355,75,65.63618,0.4868946,0.485611022,-0.599784434,0.001283586,false
07-01-2016,47.78,48,45.98,46.14,20495600,48.8059921,48.2882919,47.97333,47.6381645,49.33143,48.5939331,48.95733,48.60504,49.349,48.7495155,48.6915,48.6915,48.6915,48.6915,48.6915,48.6915,3.03604984,57.3347321,0.0488586426,0.417092651,7,10,4,1,11,7,7,7,7,7,6.97998,7,6.99593258,7,6.96418762,6.9333334,6.788029,6.9,6.92787027,6.366667,6.366667,6.366667,6.366667,6.366667,6.366667,62.5,62.5149,0.430505753,0.497536033,-0.368234,-0.06703028,false
06-01-2016,48.36,48.66,47.76,48.64,15783500,49.659996,49.36244,49.3,49.13633,49.8228569,49.41191,49.08266,48.95719,49.642,49.3294067,48.82579,48.82579,48.82579,48.82579,48.82579,48.82579,41.3483124,68.19447,0.387363434,0.444521159,7,10,4,5,40,7,7,7,7,7,6.96997,7,6.991865,6.857143,6.95225048,7,6.75774765,6.8,6.91184139,6.34482765,6.34482765,6.34482765,6.34482765,6.34482765,6.34482765,62.5,62.5198669,0.454089165,0.515530944,-0.0571577251,-0.06144178,true
05-01-2016,50.46,50.6,49.07,49.14,13482300,50.1079941,49.72366,49.75,49.6326561,49.9528542,49.6692123,48.9619942,49.0025063,49.654,49.48261,48.83611,48.83611,48.83611,48.83611,48.83611,48.83611,60.33833,74.9060059,0.481254578,0.412898183,7,10,4,4,33,7,7,7,7,7,6.95495558,7,6.983731,6.857143,6.936334,7.133333,6.72314024,6.9,6.89225054,6.321429,6.321429,6.321429,6.321429,6.321429,6.321429,62.5,62.52649,0.477585316,0.5303203,0.0683563948,-0.05273497,false
04-01-2016,49.43,50.18,48.91,50.12,12571300,50.1959953,50.0154877,50.173336,50.1253128,49.9385719,49.84562,48.8499947,48.9828644,49.4829979,49.5587463,48.8182335,48.8182335,48.8182335,48.8182335,48.8182335,48.8182335,78.75938,79.7619,0.5313797,0.404353619,7,10,2,4,18,7,7,7,7,6.8,6.932433,7,6.96746159,6.857143,6.915112,7.0666666,6.683589,7,6.868306,6.296296,6.296296,6.296296,6.296296,6.296296,6.296296,62.5,62.5353165,0.500628,0.5557968,0.127026081,-0.0551688075,true
03-01-2016,0,0,0,0,0,0,49.96323,0,50.1306229,0,49.754158,0,48.8204155,0,49.4340248,0,48.7368736,0,48.7368736,0,48.7368736,0,80.26317,0.4726677,0.386207044,7,10,3,2,10,7,7,7,7,6.8,6.89864969,7,6.934923,6.714286,6.886816,7,6.638387,6.9,6.83904076,6.269231,6.269231,6.269231,6.269231,6.269231,6.269231,62.5,62.54709,0.522757053,0.566411734,0.08646065,-0.04365468,false
02-01-2016,0,0,0,0,0,0,49.96323,0,50.1306229,0,49.754158,0,48.8204155,0,49.4340248,0,48.7368736,0,48.7368736,0,48.7368736,0,80.26317,0.4726677,0.371796936,7,10,3,0,4,7,7,7,7,6.8,6.8479743,6.66666651,6.86984634,6.857143,6.84908772,6.866667,6.586728,6.9,6.80327225,6.24,6.24,6.24,6.24,6.24,6.24,62.5,62.5627823,0.5141678,0.5592794,0.100870758,-0.0451115966,false
01-01-2016,0,0,0,0,0,0,49.96323,0,50.1306229,0,49.754158,0,48.8204155,0,49.4340248,0,48.7368736,0,48.7368736,0,48.7368736,0,80.26317,0.4726677,0.35162276,7,10,4,0,5,7,7,7,7,6.6,6.77196169,6.66666651,6.739692,7,6.7987833,6.8,6.527689,7,6.759555,6.20833349,6.20833349,6.20833349,6.20833349,6.20833349,6.20833349,62.5,62.58371,0.501137257,0.5608056,0.121044934,-0.0596683621,false
31-12-2015,50.06,50.44,49.89,49.99,7613400,50.0819969,49.96323,50.42667,50.1306229,49.7885742,49.754158,48.7466621,48.8204155,49.225,49.4340248,48.7368736,48.7368736,48.7368736,48.7368736,48.7368736,48.7368736,76.31582,80.26317,0.4726677,0.321361542,6,10,3,1,11,6,6,6,6,6.8,6.657943,6.66666651,6.47938442,6.857143,6.73171139,6.8,6.460216,7.2,6.706123,6.173913,6.173913,6.173913,6.173913,6.173913,6.173913,50,62.61161,0.4827342,0.5600505,0.151306152,-0.0773162842,false
30-12-2015,50.88,51.25,50.36,50.41,8529300,49.892,49.9498444,50.2900047,50.2712479,49.61286,49.6755447,48.65333,48.65333,49.033,49.3104744,48.65333,48.65333,48.65333,48.65333,48.65333,48.65333,84.21052,84.21052,0.414306641,0.270926148,7,10,3,2,22,7,7,7,7,7.2,6.986914,6.66666651,6.958769,7,6.9756155,6.866667,6.5259614,7.2,6.863039,6.181818,6.181818,6.181818,6.181818,6.181818,6.181818,62.5,66.81548,0.5942197,0.5443427,0.1433805,0.0498769879,false
29-12-2015,50.28,51.25,50.07,50.88,14371300,49.624,49.71977,50.0033379,50.1325,49.1871452,49.4307251,48.52786,48.52786,48.794,49.0661354,48.52786,48.52786,48.52786,48.52786,48.52786,48.52786,0,0,0.295715332,0.199235916,7,10,3,3,28,7,7,7,7,7,6.980371,7,6.91753769,7.142857,6.96748734,6.66666651,6.45824146,7.1,6.832603,6.142857,6.142857,6.142857,6.142857,6.142857,6.142857,66.66667,68.2539749,0.592460155,0.484016269,0.0964794159,0.108443886,true
28-12-2015,49.45,49.81,49.23,49.58,8395600,49.1999969,49.1396523,49.3900032,49.385,48.7100029,48.9476357,48.3469238,48.3469238,48.389,48.6630554,48.3469238,48.3469238,48.3469238,48.3469238,48.3469238,48.3469238,0,0,0.1027565,0.1027565,6,10,2,3,22,6,6,6,6,7,6.97055626,7.33333349,6.83507538,7.428571,6.95665,6.33333349,6.38084745,6.9,6.79540348,6.1,6.1,6.1,6.1,6.1,6.1,55.5555573,68.5185242,0.587193,0.470460773,0,0.11673224,true
27-12-2015,0,0,0,0,0,0,48.91948,0,49.1899948,0,48.7368469,0,48.2441673,0,48.45929,0,48.2441673,0,48.2441673,0,48.2441673,0,0,0,0,8,8,8,0,1,8,8,8,8,7.4,7.45583439,7.33333349,7.67015076,7.428571,7.27553272,6.33333349,6.435254,6.9,6.97216,6.105263,6.105263,6.105263,6.105263,6.105263,6.105263,77.77778,71.1111145,0.7068739,0.453784734,0,0.25308916,false
26-12-2015,0,0,0,0,0,0,48.91948,0,49.1899948,0,48.7368469,0,48.2441673,0,48.45929,0,48.2441673,0,48.2441673,0,48.2441673,0,0,0,0,8,10,5,0,2,8,8,8,8,7.6,7.18375158,7,7.34030151,7.142857,7.03404331,6.2,6.211719,6.8,6.743751,6,6,6,6,6,6,77.77778,69.44445,0.5961623,0.4116032,0,0.1845591,false
25-12-2015,0,0,0,0,0,0,48.91948,0,49.1899948,0,48.7368469,0,48.2441673,0,48.45929,0,48.2441673,0,48.2441673,0,48.2441673,0,0,0,0,6,9,2,0,5,6,6,6,6,7.2,6.77562761,7,6.680603,6.714286,6.712058,5.9333334,5.95625,6.7,6.46458435,5.882353,5.882353,5.882353,5.882353,5.882353,5.882353,55.5555573,66.66667,0.4585662,0.3746914,0,0.08387479,false
24-12-2015,49,49.88,49,49.55,5352000,48.7699966,48.91948,49.220005,49.1899948,48.49429,48.7368469,48.2441673,48.2441673,48.177002,48.45929,48.2441673,48.2441673,48.2441673,48.2441673,48.2441673,48.2441673,0,0,0,0,7,10,2,1,14,7,7,7,7,7.2,7.16344166,8,7.361206,6.714286,6.94941044,6,5.95000029,6.5,6.56782532,5.875,5.875,5.875,5.875,5.875,5.875,66.66667,72.22223,0.527904034,0.3537227,0,0.174181342,true
23-12-2015,49.24,49.52,48.9,49.04,9397900,48.368,48.60422,48.95667,48.8299866,48.27572,48.4657974,48.1254539,48.1254539,48.0790024,48.21691,48.1254539,48.1254539,48.1254539,48.1254539,48.1254539,48.1254539,0,0,0,0,8,10,5,1,10,8,8,8,8,6.8,7.24516249,7.66666651,7.722412,6.714286,6.93254757,5.8,5.8,6,6.4717865,5.8,5.8,5.8,5.8,5.8,5.8,77.77778,77.77778,0.4943409,0.295662254,0,0.198678643,false
22-12-2015,48.53,49.19,48.43,49.07,10139800,48.174,48.38633,48.420002,48.6199722,47.9600029,48.2744,48.0340042,48.0340042,48.0340042,48.0340042,48.0340042,48.0340042,48.0340042,48.0340042,48.0340042,48.0340042,0,0,0,0,9,10,6,2,18,9,9,9,9,6.4,6.867744,7,7.444824,6.571429,6.57673,5.642857,5.642857,5.8,6.13218355,5.642857,5.642857,5.642857,5.642857,5.642857,5.642857,0,0,0.3413639,0.196322918,0,0.145040989,true
21-12-2015,47.61,48.93,47.54,48.76,16779000,47.964,48.0444946,47.9100037,48.1699448,47.7300034,48.0091972,47.91889,47.91889,47.91889,47.91889,47.91889,47.91889,47.91889,47.91889,47.91889,47.91889,0,0,0,0,6,10,3,3,13,6,6,6,6,6,5.80161572,5.66666651,5.88964844,5.857143,5.76897335,5.38461542,5.38461542,5.5,5.494891,5.38461542,5.38461542,5.38461542,5.38461542,5.38461542,5.38461542,0,0,0.05128193,0.05128193,0,0,true
20-12-2015,0,0,0,0,0,0,47.68674,0,47.579895,0,47.75893,0,47.81375,0,47.81375,0,47.81375,0,47.81375,0,47.81375,0,0,0,0,6,10,2,2,8,6,6,6,6,6.2,5.70242357,5.66666651,5.779297,5.285714,5.691964,5.33333349,5.33333349,5.3,5.38264465,5.33333349,5.33333349,5.33333349,5.33333349,5.33333349,5.33333349,0,0,0,0,0,0,false
19-12-2015,0,0,0,0,0,0,47.68674,0,47.579895,0,47.75893,0,47.81375,0,47.81375,0,47.81375,0,47.81375,0,47.81375,0,0,0,0,5,9,2,2,11,5,5,5,5,5.8,5.553635,6,5.55859375,5.285714,5.589286,5.27272749,5.27272749,5.4,5.245455,5.27272749,5.27272749,5.27272749,5.27272749,5.27272749,5.27272749,0,0,0,0,0,0,true
18-12-2015,47.37,48.04,47.02,47.43,46440200,47.5780029,47.68674,47.6800041,47.579895,47.702858,47.75893,47.81375,47.81375,47.81375,47.81375,47.81375,47.81375,47.81375,47.81375,47.81375,47.81375,0,0,0,0,6,10,2,1,15,6,6,6,6,5.2,5.83045244,6.66666651,6.1171875,5.428571,5.785714,5.3,5.3,5.3,5.3,5.3,5.3,5.3,5.3,5.3,5.3,0,0,0,0,0,0,true
17-12-2015,49.32,49.6,47.54,47.54,15328000,47.5840034,47.8151131,47.876667,47.72979,47.8685722,47.8685722,47.8685722,47.8685722,47.8685722,47.8685722,47.8685722,47.8685722,47.8685722,47.8685722,47.8685722,47.8685722,0,0,0,0,7,10,4,2,21,7,7,7,7,5.2,5.745679,6,6.234375,5.142857,5.714286,5.22222233,5.22222233,5.22222233,5.22222233,5.22222233,5.22222233,5.22222233,5.22222233,5.22222233,5.22222233,0,0,0,0,0,0,false
16-12-2015,48.25,48.6,47.15,48.07,13308300,47.79,47.9526672,47.64,47.9195824,47.923336,47.923336,47.923336,47.923336,47.923336,47.923336,47.923336,47.923336,47.923336,47.923336,47.923336,47.923336,0,0,0,0,7,10,3,3,28,7,7,7,7,5,5.11851835,4.33333349,5.46875,5.142857,5.285714,5,5,5,5,5,5,5,5,5,5,0,0,0,0,0,0,false
15-12-2015,47.71,48.81,46.8,48.02,19880200,47.894,47.894,47.4366646,47.769165,47.894,47.894,47.894,47.894,47.894,47.894,47.894,47.894,47.894,47.894,47.894,47.894,0,0,0,0,4,8,1,10,78,4,4,4,4,4.4,4.177778,4,3.9375,4.714286,4.714286,4.714286,4.714286,4.714286,4.714286,4.714286,4.714286,4.714286,4.714286,4.714286,4.714286,0,0,0,0,0,0,false
14-12-2015,47.41,47.96,45.93,46.83,17157400,47.8625,47.8625,47.62,47.5183334,47.8625,47.8625,47.8625,47.8625,47.8625,47.8625,47.8625,47.8625,47.8625,47.8625,47.8625,47.8625,0,0,0,0,2,6,1,4,15,2,2,2,2,5,4.26666641,4.66666651,3.875,4.83333349,4.83333349,4.83333349,4.83333349,4.83333349,4.83333349,4.83333349,4.83333349,4.83333349,4.83333349,4.83333349,4.83333349,0,0,0,0,0,0,true
13-12-2015,0,0,0,0,0,0,48.206665,0,48.206665,0,48.206665,0,48.206665,0,48.206665,0,48.206665,0,48.206665,0,48.206665,0,0,0,0,6,10,1,2,7,6,6,6,6,5.4,5.4,5.33333349,5.75,5.4,5.4,5.4,5.4,5.4,5.4,5.4,5.4,5.4,5.4,5.4,5.4,0,0,0,0,0,0,false
12-12-2015,0,0,0,0,0,0,48.206665,0,48.206665,0,48.206665,0,48.206665,0,48.206665,0,48.206665,0,48.206665,0,48.206665,0,0,0,0,6,10,2,1,5,6,6,6,6,5.25,5.25,5.66666651,5.5,5.25,5.25,5.25,5.25,5.25,5.25,5.25,5.25,5.25,5.25,5.25,5.25,0,0,0,0,0,0,false
11-12-2015,48.2,48.36,47.34,47.46,12977600,48.206665,48.206665,48.206665,48.206665,48.206665,48.206665,48.206665,48.206665,48.206665,48.206665,48.206665,48.206665,48.206665,48.206665,48.206665,48.206665,0,0,0,0,4,7,1,1,10,4,4,4,4,5,5,5,5,5,5,5,5,5,5,5,5,5,5,5,5,0,0,0,0,0,0,true
10-12-2015,48.65,49.57,48.47,48.57,11619500,48.58,48.58,48.58,48.58,48.58,48.58,48.58,48.58,48.58,48.58,48.58,48.58,48.58,48.58,48.58,48.58,0,0,0,0,7,10,4,1,11,7,7,7,7,5.5,5.5,5.5,5.5,5.5,5.5,5.5,5.5,5.5,5.5,5.5,5.5,5.5,5.5,5.5,5.5,0,0,0,0,0,0,false
09-12-2015,49.64,49.98,48.42,48.59,16131000,48.59,48.59,48.59,48.59,48.59,48.59,48.59,48.59,48.59,48.59,48.59,48.59,48.59,48.59,48.59,48.59,0,0,0,0,4,8,1,3,22,4,4,4,4,4,4,4,4,4,4,4,4,4,4,4,4,4,4,4,4,0,0,0,0,0,0,true
